crop_path,word_text,char_indices,word_length,language
C:\Users\T2510600\Downloads\BAOCR\out\d4\crops\fae11124-2958-46ed-ae7f-638e92d2fd97_word1.jpg,আজকাল,4 26 19 56 48,5,bengali
C:\Users\T2510600\Downloads\BAOCR\out\d4\crops\fae11124-2958-46ed-ae7f-638e92d2fd97_word2.jpg, এগুলোর,2 13 21 59 48 69 46,7,bengali
C:\Users\T2510600\Downloads\BAOCR\out\d4\crops\fae11124-2958-46ed-ae7f-638e92d2fd97_word3.jpg,বিক্রি,42 57 19 71 46 57,6,bengali
C:\Users\T2510600\Downloads\BAOCR\out\d4\crops\fae11124-2958-46ed-ae7f-638e92d2fd97_word4.jpg,ভালো,43 56 48 69,4,bengali
C:\Users\T2510600\Downloads\BAOCR\out\d4\crops\fae11124-2958-46ed-ae7f-638e92d2fd97_word5.jpg,সস্তায়,54 54 71 34 56 45 2,7,bengali
C:\Users\T2510600\Downloads\BAOCR\out\d4\crops\fae11124-2958-46ed-ae7f-638e92d2fd97_word6.jpg,ঘরের,22 46 65 46,4,bengali
C:\Users\T2510600\Downloads\BAOCR\out\d4\crops\fae11124-2958-46ed-ae7f-638e92d2fd97_word7.jpg,দেয়াল,36 65 45 2 56 48,6,bengali
C:\Users\T2510600\Downloads\BAOCR\out\d4\crops\fae11124-2958-46ed-ae7f-638e92d2fd97_word8.jpg,সাজাবার,54 56 26 56 42 56 46,7,bengali
C:\Users\T2510600\Downloads\BAOCR\out\d4\crops\fae11124-2958-46ed-ae7f-638e92d2fd97_word9.jpg,জন্যে,26 38 71 45 65,5,bengali
C:\Users\T2510600\Downloads\BAOCR\out\d4\crops\fae11124-2958-46ed-ae7f-638e92d2fd97_word10.jpg,অনেকেই,3 38 65 19 65 5,6,bengali
C:\Users\T2510600\Downloads\BAOCR\out\d4\crops\fae11124-2958-46ed-ae7f-638e92d2fd97_word11.jpg,কেনে,19 65 38 65,4,bengali
C:\Users\T2510600\Downloads\BAOCR\out\d4\crops\fae11124-2958-46ed-ae7f-638e92d2fd97_word12.jpg,একেকটা,13 19 65 19 29 56,6,bengali
C:\Users\T2510600\Downloads\BAOCR\out\d4\crops\fae11124-2958-46ed-ae7f-638e92d2fd97_word13.jpg,চিত্রের,24 57 34 71 46 65 46,7,bengali
C:\Users\T2510600\Downloads\BAOCR\out\d4\crops\fae11124-2958-46ed-ae7f-638e92d2fd97_word14.jpg,জন্যে,26 38 71 45 65,5,bengali
C:\Users\T2510600\Downloads\BAOCR\out\d4\crops\fae11124-2958-46ed-ae7f-638e92d2fd97_word15.jpg,কাঠের,19 56 30 65 46,5,bengali
C:\Users\T2510600\Downloads\BAOCR\out\d4\crops\fae11124-2958-46ed-ae7f-638e92d2fd97_word16.jpg,ওপর,17 40 46,3,bengali
C:\Users\T2510600\Downloads\BAOCR\out\d4\crops\fae11124-2958-46ed-ae7f-638e92d2fd97_word17.jpg,খোদাই,20 69 36 56 5,5,bengali
C:\Users\T2510600\Downloads\BAOCR\out\d4\crops\fae11124-2958-46ed-ae7f-638e92d2fd97_word18.jpg,করা,19 46 56,3,bengali
C:\Users\T2510600\Downloads\BAOCR\out\d4\crops\fae11124-2958-46ed-ae7f-638e92d2fd97_word19.jpg,নকশা,38 19 52 56,4,bengali
C:\Users\T2510600\Downloads\BAOCR\out\d4\crops\fae11124-2958-46ed-ae7f-638e92d2fd97_word20.jpg,আছে,4 25 65,3,bengali
C:\Users\T2510600\Downloads\BAOCR\out\d4\crops\fae11124-2958-46ed-ae7f-638e92d2fd97_word21.jpg,তার,34 56 46,3,bengali
C:\Users\T2510600\Downloads\BAOCR\out\d4\crops\fae11124-2958-46ed-ae7f-638e92d2fd97_word22.jpg,ওপর,17 40 46,3,bengali
C:\Users\T2510600\Downloads\BAOCR\out\d4\crops\fae11124-2958-46ed-ae7f-638e92d2fd97_word23.jpg,কাদার,19 56 36 56 46,5,bengali
C:\Users\T2510600\Downloads\BAOCR\out\d4\crops\fae11124-2958-46ed-ae7f-638e92d2fd97_word24.jpg,তাল,34 56 48,3,bengali
C:\Users\T2510600\Downloads\BAOCR\out\d4\crops\fae11124-2958-46ed-ae7f-638e92d2fd97_word25.jpg,টিপে,29 57 40 65,4,bengali
C:\Users\T2510600\Downloads\BAOCR\out\d4\crops\fae11124-2958-46ed-ae7f-638e92d2fd97_word26.jpg,টিপে,29 57 40 65,4,bengali
C:\Users\T2510600\Downloads\BAOCR\out\d4\crops\fae11124-2958-46ed-ae7f-638e92d2fd97_word27.jpg,পাটা,40 56 29 56,4,bengali
C:\Users\T2510600\Downloads\BAOCR\out\d4\crops\fae11124-2958-46ed-ae7f-638e92d2fd97_word28.jpg,তৈরি,34 66 46 57,4,bengali
C:\Users\T2510600\Downloads\BAOCR\out\d4\crops\fae11124-2958-46ed-ae7f-638e92d2fd97_word29.jpg,করছে,19 46 25 65,4,bengali
C:\Users\T2510600\Downloads\BAOCR\out\d4\crops\fae11124-2958-46ed-ae7f-638e92d2fd97_word30.jpg,ওরা,17 46 56,3,bengali
C:\Users\T2510600\Downloads\BAOCR\out\d4\crops\f4581340-7677-4f67-8b56-29607fe48d96_word1.jpg,হযরত,55 45 46 34,4,bengali
C:\Users\T2510600\Downloads\BAOCR\out\d4\crops\f4581340-7677-4f67-8b56-29607fe48d96_word2.jpg,মুহাম্মদ,44 59 55 56 44 71 44 36,8,bengali
C:\Users\T2510600\Downloads\BAOCR\out\d4\crops\f4581340-7677-4f67-8b56-29607fe48d96_word3.jpg,(সঃ),156 54 74 157,4,bengali
C:\Users\T2510600\Downloads\BAOCR\out\d4\crops\f4581340-7677-4f67-8b56-29607fe48d96_word4.jpg,পৃথিবীর,40 61 35 57 42 58 46,7,bengali
C:\Users\T2510600\Downloads\BAOCR\out\d4\crops\f4581340-7677-4f67-8b56-29607fe48d96_word5.jpg,শ্রেষ্ঠ,52 71 46 65 53 71 30,7,bengali
C:\Users\T2510600\Downloads\BAOCR\out\d4\crops\f4581340-7677-4f67-8b56-29607fe48d96_word6.jpg,মানব,44 56 38 42,4,bengali
C:\Users\T2510600\Downloads\BAOCR\out\d4\crops\f4581340-7677-4f67-8b56-29607fe48d96_word7.jpg,তিনিই,34 57 38 57 5,5,bengali
C:\Users\T2510600\Downloads\BAOCR\out\d4\crops\f4581340-7677-4f67-8b56-29607fe48d96_word8.jpg,আমাদের,4 44 56 36 65 46,6,bengali
C:\Users\T2510600\Downloads\BAOCR\out\d4\crops\f4581340-7677-4f67-8b56-29607fe48d96_word9.jpg,একমাত্র,13 19 44 56 34 71 46,7,bengali
C:\Users\T2510600\Downloads\BAOCR\out\d4\crops\f4581340-7677-4f67-8b56-29607fe48d96_word10.jpg,রাসূল,46 56 54 60 48,5,bengali
C:\Users\T2510600\Downloads\BAOCR\out\d4\crops\f4581340-7677-4f67-8b56-29607fe48d96_word11.jpg,ও,17,1,bengali
C:\Users\T2510600\Downloads\BAOCR\out\d4\crops\f4581340-7677-4f67-8b56-29607fe48d96_word12.jpg,নেতা,38 65 34 56,4,bengali
C:\Users\T2510600\Downloads\BAOCR\out\d4\crops\f4581340-7677-4f67-8b56-29607fe48d96_word13.jpg,তার,34 56 46,3,bengali
C:\Users\T2510600\Downloads\BAOCR\out\d4\crops\f4581340-7677-4f67-8b56-29607fe48d96_word14.jpg,অনুসরন,3 38 59 54 46 38,6,bengali
C:\Users\T2510600\Downloads\BAOCR\out\d4\crops\f4581340-7677-4f67-8b56-29607fe48d96_word15.jpg,করা,19 46 56,3,bengali
C:\Users\T2510600\Downloads\BAOCR\out\d4\crops\f4581340-7677-4f67-8b56-29607fe48d96_word16.jpg,আমাদের,4 44 56 36 65 46,6,bengali
C:\Users\T2510600\Downloads\BAOCR\out\d4\crops\f4581340-7677-4f67-8b56-29607fe48d96_word17.jpg,জন্য,26 38 71 45,4,bengali
C:\Users\T2510600\Downloads\BAOCR\out\d4\crops\f4581340-7677-4f67-8b56-29607fe48d96_word18.jpg, আবশ্যক,2 4 42 52 71 45 19,7,bengali
C:\Users\T2510600\Downloads\BAOCR\out\d4\crops\f4581340-7677-4f67-8b56-29607fe48d96_word19.jpg,কর্মকান্ড,19 46 71 44 19 56 38 71 31,9,bengali
C:\Users\T2510600\Downloads\BAOCR\out\d4\crops\f9f37d13-9613-4258-bc01-d0ab1de055d1_word1.jpg,সাকিব,54 56 19 57 42,5,bengali
C:\Users\T2510600\Downloads\BAOCR\out\d4\crops\f9f37d13-9613-4258-bc01-d0ab1de055d1_word2.jpg,বিশ্বসেরা,42 57 52 71 42 54 65 46 56,9,bengali
C:\Users\T2510600\Downloads\BAOCR\out\d4\crops\f9f37d13-9613-4258-bc01-d0ab1de055d1_word3.jpg, অলরাউন্ডার,2 3 48 46 56 7 38 71 31 56 46,11,bengali
C:\Users\T2510600\Downloads\BAOCR\out\d4\crops\f9f37d13-9613-4258-bc01-d0ab1de055d1_word4.jpg,কিন্তু,19 57 38 71 34 59,6,bengali
C:\Users\T2510600\Downloads\BAOCR\out\d4\crops\f9f37d13-9613-4258-bc01-d0ab1de055d1_word5.jpg,এখন,13 20 38,3,bengali
C:\Users\T2510600\Downloads\BAOCR\out\d4\crops\f9f37d13-9613-4258-bc01-d0ab1de055d1_word6.jpg, সে,2 54 65,3,bengali
C:\Users\T2510600\Downloads\BAOCR\out\d4\crops\f9f37d13-9613-4258-bc01-d0ab1de055d1_word7.jpg, আর,2 4 46,3,bengali
C:\Users\T2510600\Downloads\BAOCR\out\d4\crops\f9f37d13-9613-4258-bc01-d0ab1de055d1_word8.jpg,খেলতে,20 65 48 34 65,5,bengali
C:\Users\T2510600\Downloads\BAOCR\out\d4\crops\f9f37d13-9613-4258-bc01-d0ab1de055d1_word9.jpg,পারছেনা,40 56 46 25 65 38 56,7,bengali
C:\Users\T2510600\Downloads\BAOCR\out\d4\crops\f9f37d13-9613-4258-bc01-d0ab1de055d1_word10.jpg,তার,34 56 46,3,bengali
C:\Users\T2510600\Downloads\BAOCR\out\d4\crops\f9f37d13-9613-4258-bc01-d0ab1de055d1_word11.jpg,জন্য,26 38 71 45,4,bengali
C:\Users\T2510600\Downloads\BAOCR\out\d4\crops\f9f37d13-9613-4258-bc01-d0ab1de055d1_word12.jpg,মন,44 38,2,bengali
C:\Users\T2510600\Downloads\BAOCR\out\d4\crops\f9f37d13-9613-4258-bc01-d0ab1de055d1_word13.jpg, খুবই,2 20 59 42 5,5,bengali
C:\Users\T2510600\Downloads\BAOCR\out\d4\crops\f9f37d13-9613-4258-bc01-d0ab1de055d1_word14.jpg,খারাপ,20 56 46 56 40,5,bengali
C:\Users\T2510600\Downloads\BAOCR\out\d4\crops\f9f37d13-9613-4258-bc01-d0ab1de055d1_word15.jpg, হয়,2 55 45 2,4,bengali
C:\Users\T2510600\Downloads\BAOCR\out\d4\crops\f9f37d13-9613-4258-bc01-d0ab1de055d1_word16.jpg, আশা,2 4 52 56,4,bengali
C:\Users\T2510600\Downloads\BAOCR\out\d4\crops\f9f37d13-9613-4258-bc01-d0ab1de055d1_word17.jpg,করি,19 46 57,3,bengali
C:\Users\T2510600\Downloads\BAOCR\out\d4\crops\f9f37d13-9613-4258-bc01-d0ab1de055d1_word18.jpg,তাকে,34 56 19 65,4,bengali
C:\Users\T2510600\Downloads\BAOCR\out\d4\crops\f9f37d13-9613-4258-bc01-d0ab1de055d1_word19.jpg, আবারও,2 4 42 56 46 17,6,bengali
C:\Users\T2510600\Downloads\BAOCR\out\d4\crops\f9f37d13-9613-4258-bc01-d0ab1de055d1_word20.jpg,মাঠে,44 56 30 65,4,bengali
C:\Users\T2510600\Downloads\BAOCR\out\d4\crops\f9f37d13-9613-4258-bc01-d0ab1de055d1_word21.jpg,দেখব,36 65 20 42,4,bengali
C:\Users\T2510600\Downloads\BAOCR\out\d4\crops\f5cf6ad3-6868-4857-aedd-1a4529969146_word1.jpg,সকালে,54 19 56 48 65,5,bengali
C:\Users\T2510600\Downloads\BAOCR\out\d4\crops\f5cf6ad3-6868-4857-aedd-1a4529969146_word2.jpg,হেঁটে,55 65 72 29 65,5,bengali
C:\Users\T2510600\Downloads\BAOCR\out\d4\crops\f5cf6ad3-6868-4857-aedd-1a4529969146_word3.jpg,পারব,40 56 46 42,4,bengali
C:\Users\T2510600\Downloads\BAOCR\out\d4\crops\f5cf6ad3-6868-4857-aedd-1a4529969146_word4.jpg,না,38 56,2,bengali
C:\Users\T2510600\Downloads\BAOCR\out\d4\crops\f5cf6ad3-6868-4857-aedd-1a4529969146_word5.jpg,বলে,42 48 65,3,bengali
C:\Users\T2510600\Downloads\BAOCR\out\d4\crops\f5cf6ad3-6868-4857-aedd-1a4529969146_word6.jpg,যাইনি,45 56 5 38 57,5,bengali
C:\Users\T2510600\Downloads\BAOCR\out\d4\crops\f5cf6ad3-6868-4857-aedd-1a4529969146_word7.jpg,দুটোর,36 59 29 69 46,5,bengali
C:\Users\T2510600\Downloads\BAOCR\out\d4\crops\f5cf6ad3-6868-4857-aedd-1a4529969146_word8.jpg,পর,40 46,2,bengali
C:\Users\T2510600\Downloads\BAOCR\out\d4\crops\f5cf6ad3-6868-4857-aedd-1a4529969146_word9.jpg,রিকশা,46 57 19 52 56,5,bengali
C:\Users\T2510600\Downloads\BAOCR\out\d4\crops\f5cf6ad3-6868-4857-aedd-1a4529969146_word10.jpg,চলছে,24 48 25 65,4,bengali
C:\Users\T2510600\Downloads\BAOCR\out\d4\crops\f5cf6ad3-6868-4857-aedd-1a4529969146_word11.jpg,সাড়ে,54 56 31 2 65,5,bengali
C:\Users\T2510600\Downloads\BAOCR\out\d4\crops\f5cf6ad3-6868-4857-aedd-1a4529969146_word12.jpg,চারটেয়,24 56 46 29 65 45 2,7,bengali
C:\Users\T2510600\Downloads\BAOCR\out\d4\crops\f5cf6ad3-6868-4857-aedd-1a4529969146_word13.jpg,বাবাকে,42 56 42 56 19 65,6,bengali
C:\Users\T2510600\Downloads\BAOCR\out\d4\crops\f5cf6ad3-6868-4857-aedd-1a4529969146_word14.jpg,চা-নাশতা,24 56 153 38 56 52 34 56,8,bengali
C:\Users\T2510600\Downloads\BAOCR\out\d4\crops\f5cf6ad3-6868-4857-aedd-1a4529969146_word15.jpg,খাইয়ে,20 56 5 45 2 65,6,bengali
C:\Users\T2510600\Downloads\BAOCR\out\d4\crops\f5cf6ad3-6868-4857-aedd-1a4529969146_word16.jpg,তাঁর,34 56 72 46,4,bengali
C:\Users\T2510600\Downloads\BAOCR\out\d4\crops\f5cf6ad3-6868-4857-aedd-1a4529969146_word17.jpg,সঙ্গে,54 23 71 21 65,5,bengali
C:\Users\T2510600\Downloads\BAOCR\out\d4\crops\f5cf6ad3-6868-4857-aedd-1a4529969146_word18.jpg,খানিক,20 56 38 57 19,5,bengali
C:\Users\T2510600\Downloads\BAOCR\out\d4\crops\f5cf6ad3-6868-4857-aedd-1a4529969146_word19.jpg,কথা,19 35 56,3,bengali
C:\Users\T2510600\Downloads\BAOCR\out\d4\crops\f5cf6ad3-6868-4857-aedd-1a4529969146_word20.jpg,বলে,42 48 65,3,bengali
C:\Users\T2510600\Downloads\BAOCR\out\d4\crops\f5cf6ad3-6868-4857-aedd-1a4529969146_word21.jpg,বারেককে,42 56 46 65 19 19 65,7,bengali
C:\Users\T2510600\Downloads\BAOCR\out\d4\crops\f5cf6ad3-6868-4857-aedd-1a4529969146_word22.jpg,কাজ,19 56 26,3,bengali
C:\Users\T2510600\Downloads\BAOCR\out\d4\crops\f5cf6ad3-6868-4857-aedd-1a4529969146_word23.jpg,দিলাম,36 57 48 56 44,5,bengali
C:\Users\T2510600\Downloads\BAOCR\out\d4\crops\efaeb895-61f6-4423-aeb3-b270a410688b_word1.jpg,সবচেয়ে,54 42 24 65 45 2 65,7,bengali
C:\Users\T2510600\Downloads\BAOCR\out\d4\crops\efaeb895-61f6-4423-aeb3-b270a410688b_word2.jpg,যে,45 65,2,bengali
C:\Users\T2510600\Downloads\BAOCR\out\d4\crops\efaeb895-61f6-4423-aeb3-b270a410688b_word3.jpg,ছোটো,25 69 29 69,4,bengali
C:\Users\T2510600\Downloads\BAOCR\out\d4\crops\efaeb895-61f6-4423-aeb3-b270a410688b_word4.jpg,পিড়িঁখানি,40 57 31 2 57 72 20 56 38 57,10,bengali
C:\Users\T2510600\Downloads\BAOCR\out\d4\crops\efaeb895-61f6-4423-aeb3-b270a410688b_word5.jpg,সেইখানি,54 65 5 20 56 38 57,7,bengali
C:\Users\T2510600\Downloads\BAOCR\out\d4\crops\efaeb895-61f6-4423-aeb3-b270a410688b_word6.jpg, আর,2 4 46,3,bengali
C:\Users\T2510600\Downloads\BAOCR\out\d4\crops\efaeb895-61f6-4423-aeb3-b270a410688b_word7.jpg,কেউ,19 65 7,3,bengali
C:\Users\T2510600\Downloads\BAOCR\out\d4\crops\efaeb895-61f6-4423-aeb3-b270a410688b_word8.jpg,রাখে,46 56 20 65,4,bengali
C:\Users\T2510600\Downloads\BAOCR\out\d4\crops\efaeb895-61f6-4423-aeb3-b270a410688b_word9.jpg,না,38 56,2,bengali
C:\Users\T2510600\Downloads\BAOCR\out\d4\crops\efaeb895-61f6-4423-aeb3-b270a410688b_word10.jpg,"পেতে,",40 65 34 65 148,5,bengali
C:\Users\T2510600\Downloads\BAOCR\out\d4\crops\efaeb895-61f6-4423-aeb3-b270a410688b_word11.jpg,ছোটো,25 69 29 69,4,bengali
C:\Users\T2510600\Downloads\BAOCR\out\d4\crops\efaeb895-61f6-4423-aeb3-b270a410688b_word12.jpg,থালায়,35 56 48 56 45 2,6,bengali
C:\Users\T2510600\Downloads\BAOCR\out\d4\crops\efaeb895-61f6-4423-aeb3-b270a410688b_word13.jpg,হয়নাকো,55 45 2 38 56 19 69,7,bengali
C:\Users\T2510600\Downloads\BAOCR\out\d4\crops\efaeb895-61f6-4423-aeb3-b270a410688b_word14.jpg,ভাত,43 56 34,3,bengali
C:\Users\T2510600\Downloads\BAOCR\out\d4\crops\efaeb895-61f6-4423-aeb3-b270a410688b_word15.jpg,"বাড়া,",42 56 31 2 56 148,6,bengali
C:\Users\T2510600\Downloads\BAOCR\out\d4\crops\efaeb895-61f6-4423-aeb3-b270a410688b_word16.jpg,জল,26 48,2,bengali
C:\Users\T2510600\Downloads\BAOCR\out\d4\crops\efaeb895-61f6-4423-aeb3-b270a410688b_word17.jpg,ভরে,43 46 65,3,bengali
C:\Users\T2510600\Downloads\BAOCR\out\d4\crops\efaeb895-61f6-4423-aeb3-b270a410688b_word18.jpg,না,38 56,2,bengali
C:\Users\T2510600\Downloads\BAOCR\out\d4\crops\efaeb895-61f6-4423-aeb3-b270a410688b_word19.jpg,ছোট্ট,25 69 29 71 29,5,bengali
C:\Users\T2510600\Downloads\BAOCR\out\d4\crops\efaeb895-61f6-4423-aeb3-b270a410688b_word20.jpg,"গেলাসেতে,",21 65 48 56 54 65 34 65 148,9,bengali
C:\Users\T2510600\Downloads\BAOCR\out\d4\crops\efaeb895-61f6-4423-aeb3-b270a410688b_word21.jpg,বাড়ির,42 56 31 2 57 46,6,bengali
C:\Users\T2510600\Downloads\BAOCR\out\d4\crops\efaeb895-61f6-4423-aeb3-b270a410688b_word22.jpg,মধ্যে,44 37 71 45 65,5,bengali
C:\Users\T2510600\Downloads\BAOCR\out\d4\crops\efaeb895-61f6-4423-aeb3-b270a410688b_word23.jpg,সবচেয়ে,54 42 24 65 45 2 65,7,bengali
C:\Users\T2510600\Downloads\BAOCR\out\d4\crops\efaeb895-61f6-4423-aeb3-b270a410688b_word24.jpg,যে,45 65,2,bengali
C:\Users\T2510600\Downloads\BAOCR\out\d4\crops\efaeb895-61f6-4423-aeb3-b270a410688b_word25.jpg,ছোটো,25 69 29 69,4,bengali
C:\Users\T2510600\Downloads\BAOCR\out\d4\crops\e2d52c42-638e-47bc-b083-47f4a205cb74_word1.jpg,"ইরান,",5 46 56 38 148,5,bengali
C:\Users\T2510600\Downloads\BAOCR\out\d4\crops\e2d52c42-638e-47bc-b083-47f4a205cb74_word2.jpg,"গ্রিক,",21 71 46 57 19 148,6,bengali
C:\Users\T2510600\Downloads\BAOCR\out\d4\crops\e2d52c42-638e-47bc-b083-47f4a205cb74_word3.jpg,"রোমান,",46 69 44 56 38 148,6,bengali
C:\Users\T2510600\Downloads\BAOCR\out\d4\crops\e2d52c42-638e-47bc-b083-47f4a205cb74_word4.jpg,"আরব,",4 46 42 148,4,bengali
C:\Users\T2510600\Downloads\BAOCR\out\d4\crops\e2d52c42-638e-47bc-b083-47f4a205cb74_word5.jpg,"তুর্কি,",34 59 46 71 19 57 148,7,bengali
C:\Users\T2510600\Downloads\BAOCR\out\d4\crops\e2d52c42-638e-47bc-b083-47f4a205cb74_word6.jpg,"ফরাসি,",41 46 56 54 57 148,6,bengali
C:\Users\T2510600\Downloads\BAOCR\out\d4\crops\e2d52c42-638e-47bc-b083-47f4a205cb74_word7.jpg,ইংরেজ,5 73 46 65 26,5,bengali
C:\Users\T2510600\Downloads\BAOCR\out\d4\crops\e2d52c42-638e-47bc-b083-47f4a205cb74_word8.jpg,পর,40 46,2,bengali
C:\Users\T2510600\Downloads\BAOCR\out\d4\crops\e2d52c42-638e-47bc-b083-47f4a205cb74_word9.jpg,পর,40 46,2,bengali
C:\Users\T2510600\Downloads\BAOCR\out\d4\crops\e2d52c42-638e-47bc-b083-47f4a205cb74_word10.jpg,সবাই,54 42 56 5,4,bengali
C:\Users\T2510600\Downloads\BAOCR\out\d4\crops\e2d52c42-638e-47bc-b083-47f4a205cb74_word11.jpg,এদেশ,13 36 65 52,4,bengali
C:\Users\T2510600\Downloads\BAOCR\out\d4\crops\e2d52c42-638e-47bc-b083-47f4a205cb74_word12.jpg,জয়,26 45 2,3,bengali
C:\Users\T2510600\Downloads\BAOCR\out\d4\crops\e2d52c42-638e-47bc-b083-47f4a205cb74_word13.jpg,করার,19 46 56 46,4,bengali
C:\Users\T2510600\Downloads\BAOCR\out\d4\crops\e2d52c42-638e-47bc-b083-47f4a205cb74_word14.jpg,পর,40 46,2,bengali
C:\Users\T2510600\Downloads\BAOCR\out\d4\crops\e2d52c42-638e-47bc-b083-47f4a205cb74_word15.jpg,প্রথমেই,40 71 46 35 44 65 5,7,bengali
C:\Users\T2510600\Downloads\BAOCR\out\d4\crops\e2d52c42-638e-47bc-b083-47f4a205cb74_word16.jpg,চেষ্টা,24 65 53 71 29 56,6,bengali
C:\Users\T2510600\Downloads\BAOCR\out\d4\crops\e2d52c42-638e-47bc-b083-47f4a205cb74_word17.jpg,করেছে,19 46 65 25 65,5,bengali
C:\Users\T2510600\Downloads\BAOCR\out\d4\crops\e2d52c42-638e-47bc-b083-47f4a205cb74_word18.jpg,পিরামিডের,40 57 46 56 44 57 31 65 46,9,bengali
C:\Users\T2510600\Downloads\BAOCR\out\d4\crops\e2d52c42-638e-47bc-b083-47f4a205cb74_word19.jpg,হাজার,55 56 26 56 46,5,bengali
C:\Users\T2510600\Downloads\BAOCR\out\d4\crops\e2d52c42-638e-47bc-b083-47f4a205cb74_word20.jpg,হাজার,55 56 26 56 46,5,bengali
C:\Users\T2510600\Downloads\BAOCR\out\d4\crops\e2d52c42-638e-47bc-b083-47f4a205cb74_word21.jpg,মন,44 38,2,bengali
C:\Users\T2510600\Downloads\BAOCR\out\d4\crops\e2d52c42-638e-47bc-b083-47f4a205cb74_word22.jpg,পাথর,40 56 35 46,4,bengali
C:\Users\T2510600\Downloads\BAOCR\out\d4\crops\e2d52c42-638e-47bc-b083-47f4a205cb74_word23.jpg,ভেঙে,43 65 23 65,4,bengali
C:\Users\T2510600\Downloads\BAOCR\out\d4\crops\e2d52c42-638e-47bc-b083-47f4a205cb74_word24.jpg,মাঝখানের,44 56 27 20 56 38 65 46,8,bengali
C:\Users\T2510600\Downloads\BAOCR\out\d4\crops\e2d52c42-638e-47bc-b083-47f4a205cb74_word25.jpg,কুঠুরিতে,19 59 30 59 46 57 34 65,8,bengali
C:\Users\T2510600\Downloads\BAOCR\out\d4\crops\e2d52c42-638e-47bc-b083-47f4a205cb74_word26.jpg,ঢুকে,32 59 19 65,4,bengali
C:\Users\T2510600\Downloads\BAOCR\out\d4\crops\e2d52c42-638e-47bc-b083-47f4a205cb74_word27.jpg,তার,34 56 46,3,bengali
C:\Users\T2510600\Downloads\BAOCR\out\d4\crops\e2d52c42-638e-47bc-b083-47f4a205cb74_word28.jpg,ধনদৌলত,37 38 36 70 48 34,6,bengali
C:\Users\T2510600\Downloads\BAOCR\out\d4\crops\e2d52c42-638e-47bc-b083-47f4a205cb74_word29.jpg,লুট,48 59 29,3,bengali
C:\Users\T2510600\Downloads\BAOCR\out\d4\crops\e2d52c42-638e-47bc-b083-47f4a205cb74_word30.jpg,করার।,19 46 56 46 2,5,bengali
C:\Users\T2510600\Downloads\BAOCR\out\d4\crops\d6f1f487-558a-4738-ae7d-7e70fca57077_word1.jpg,খোলা,20 69 48 56,4,bengali
C:\Users\T2510600\Downloads\BAOCR\out\d4\crops\d6f1f487-558a-4738-ae7d-7e70fca57077_word2.jpg,"জানালা,",26 56 38 56 48 56 148,7,bengali
C:\Users\T2510600\Downloads\BAOCR\out\d4\crops\d6f1f487-558a-4738-ae7d-7e70fca57077_word3.jpg,অনেক,3 38 65 19,4,bengali
C:\Users\T2510600\Downloads\BAOCR\out\d4\crops\d6f1f487-558a-4738-ae7d-7e70fca57077_word4.jpg,"বাতাস,",42 56 34 56 54 148,6,bengali
C:\Users\T2510600\Downloads\BAOCR\out\d4\crops\d6f1f487-558a-4738-ae7d-7e70fca57077_word5.jpg,আকাশে,4 19 56 52 65,5,bengali
C:\Users\T2510600\Downloads\BAOCR\out\d4\crops\d6f1f487-558a-4738-ae7d-7e70fca57077_word6.jpg,মেঘ,44 65 22,3,bengali
C:\Users\T2510600\Downloads\BAOCR\out\d4\crops\d6f1f487-558a-4738-ae7d-7e70fca57077_word7.jpg,হাতে,55 56 34 65,4,bengali
C:\Users\T2510600\Downloads\BAOCR\out\d4\crops\d6f1f487-558a-4738-ae7d-7e70fca57077_word8.jpg,চায়ের,24 56 45 2 65 46,6,bengali
C:\Users\T2510600\Downloads\BAOCR\out\d4\crops\d6f1f487-558a-4738-ae7d-7e70fca57077_word9.jpg,কাপ।,19 56 40 2,4,bengali
C:\Users\T2510600\Downloads\BAOCR\out\d4\crops\d6f1f487-558a-4738-ae7d-7e70fca57077_word10.jpg,এবং,13 42 73,3,bengali
C:\Users\T2510600\Downloads\BAOCR\out\d4\crops\d6f1f487-558a-4738-ae7d-7e70fca57077_word11.jpg,তুমি,34 59 44 57,4,bengali
C:\Users\T2510600\Downloads\BAOCR\out\d4\crops\d6f1f487-558a-4738-ae7d-7e70fca57077_word12.jpg, আর,2 4 46,3,bengali
C:\Users\T2510600\Downloads\BAOCR\out\d4\crops\d6f1f487-558a-4738-ae7d-7e70fca57077_word13.jpg, আমি,2 4 44 57,4,bengali
C:\Users\T2510600\Downloads\BAOCR\out\d4\crops\d6f1f487-558a-4738-ae7d-7e70fca57077_word14.jpg,এইতো ,13 5 34 69 2,5,bengali
C:\Users\T2510600\Downloads\BAOCR\out\d4\crops\d6f1f487-558a-4738-ae7d-7e70fca57077_word15.jpg,চাই।,24 56 5 2,4,bengali
C:\Users\T2510600\Downloads\BAOCR\out\d4\crops\d6f1f487-558a-4738-ae7d-7e70fca57077_word16.jpg,এইতো,13 5 34 69,4,bengali
C:\Users\T2510600\Downloads\BAOCR\out\d4\crops\d6f1f487-558a-4738-ae7d-7e70fca57077_word17.jpg, আমার,2 4 44 56 46,5,bengali
C:\Users\T2510600\Downloads\BAOCR\out\d4\crops\d6f1f487-558a-4738-ae7d-7e70fca57077_word18.jpg,স্বপ্নের,54 71 42 40 71 38 65 46,8,bengali
C:\Users\T2510600\Downloads\BAOCR\out\d4\crops\d6f1f487-558a-4738-ae7d-7e70fca57077_word19.jpg,চাওয়া,24 56 17 45 2 56,6,bengali
C:\Users\T2510600\Downloads\BAOCR\out\d4\crops\cf0ebdef-936d-491e-863a-ace284a5ad66_word1.jpg,রাস্তার,46 56 54 71 34 56 46,7,bengali
C:\Users\T2510600\Downloads\BAOCR\out\d4\crops\cf0ebdef-936d-491e-863a-ace284a5ad66_word2.jpg,যে,45 65,2,bengali
C:\Users\T2510600\Downloads\BAOCR\out\d4\crops\cf0ebdef-936d-491e-863a-ace284a5ad66_word3.jpg," অবস্থা,",2 3 42 54 71 35 56 148,8,bengali
C:\Users\T2510600\Downloads\BAOCR\out\d4\crops\cf0ebdef-936d-491e-863a-ace284a5ad66_word4.jpg,জীবন,26 58 42 38,4,bengali
C:\Users\T2510600\Downloads\BAOCR\out\d4\crops\cf0ebdef-936d-491e-863a-ace284a5ad66_word5.jpg,পুরোই,40 59 46 69 5,5,bengali
C:\Users\T2510600\Downloads\BAOCR\out\d4\crops\cf0ebdef-936d-491e-863a-ace284a5ad66_word6.jpg,নাকাল,38 56 19 56 48,5,bengali
C:\Users\T2510600\Downloads\BAOCR\out\d4\crops\cf0ebdef-936d-491e-863a-ace284a5ad66_word7.jpg,হাতে,55 56 34 65,4,bengali
C:\Users\T2510600\Downloads\BAOCR\out\d4\crops\cf0ebdef-936d-491e-863a-ace284a5ad66_word8.jpg,দুই,36 59 5,3,bengali
C:\Users\T2510600\Downloads\BAOCR\out\d4\crops\cf0ebdef-936d-491e-863a-ace284a5ad66_word9.jpg,ঘন্টা,22 38 71 29 56,5,bengali
C:\Users\T2510600\Downloads\BAOCR\out\d4\crops\cf0ebdef-936d-491e-863a-ace284a5ad66_word10.jpg,সময়,54 44 45 2,4,bengali
C:\Users\T2510600\Downloads\BAOCR\out\d4\crops\cf0ebdef-936d-491e-863a-ace284a5ad66_word11.jpg,নিয়েও,38 57 45 2 65 17,6,bengali
C:\Users\T2510600\Downloads\BAOCR\out\d4\crops\cf0ebdef-936d-491e-863a-ace284a5ad66_word12.jpg,বের,42 65 46,3,bengali
C:\Users\T2510600\Downloads\BAOCR\out\d4\crops\cf0ebdef-936d-491e-863a-ace284a5ad66_word13.jpg,হয়ে,55 45 2 65,4,bengali
C:\Users\T2510600\Downloads\BAOCR\out\d4\crops\cf0ebdef-936d-491e-863a-ace284a5ad66_word14.jpg,দেখি,36 65 20 57,4,bengali
C:\Users\T2510600\Downloads\BAOCR\out\d4\crops\cf0ebdef-936d-491e-863a-ace284a5ad66_word15.jpg,বিশ্ববিদ্যালয়,42 57 52 71 42 42 57 36 71 45 56 48 45 2,14,bengali
C:\Users\T2510600\Downloads\BAOCR\out\d4\crops\cf0ebdef-936d-491e-863a-ace284a5ad66_word16.jpg, আসতে,2 4 54 34 65,5,bengali
C:\Users\T2510600\Downloads\BAOCR\out\d4\crops\cf0ebdef-936d-491e-863a-ace284a5ad66_word17.jpg, আসতে,2 4 54 34 65,5,bengali
C:\Users\T2510600\Downloads\BAOCR\out\d4\crops\cf0ebdef-936d-491e-863a-ace284a5ad66_word18.jpg,সেই,54 65 5,3,bengali
C:\Users\T2510600\Downloads\BAOCR\out\d4\crops\cf0ebdef-936d-491e-863a-ace284a5ad66_word19.jpg,সময়ও,54 44 45 2 17,5,bengali
C:\Users\T2510600\Downloads\BAOCR\out\d4\crops\cf0ebdef-936d-491e-863a-ace284a5ad66_word20.jpg,ফুরিয়ে,41 59 46 57 45 2 65,7,bengali
C:\Users\T2510600\Downloads\BAOCR\out\d4\crops\cf0ebdef-936d-491e-863a-ace284a5ad66_word21.jpg,গেছে।,21 65 25 65 2,5,bengali
C:\Users\T2510600\Downloads\BAOCR\out\d4\crops\cf0ebdef-936d-491e-863a-ace284a5ad66_word22.jpg,যাই,45 56 5,3,bengali
C:\Users\T2510600\Downloads\BAOCR\out\d4\crops\cf0ebdef-936d-491e-863a-ace284a5ad66_word23.jpg,ক্লাসে,19 71 48 56 54 65,6,bengali
C:\Users\T2510600\Downloads\BAOCR\out\d4\crops\cf0ebdef-936d-491e-863a-ace284a5ad66_word24.jpg,যেতে,45 65 34 65,4,bengali
C:\Users\T2510600\Downloads\BAOCR\out\d4\crops\cf0ebdef-936d-491e-863a-ace284a5ad66_word25.jpg,"হবে,",55 42 65 148,4,bengali
C:\Users\T2510600\Downloads\BAOCR\out\d4\crops\cf0ebdef-936d-491e-863a-ace284a5ad66_word26.jpg,কুইজ,19 59 5 26,4,bengali
C:\Users\T2510600\Downloads\BAOCR\out\d4\crops\cf0ebdef-936d-491e-863a-ace284a5ad66_word27.jpg, আছে।,2 4 25 65 2,5,bengali
C:\Users\T2510600\Downloads\BAOCR\out\d4\crops\c3d6e4a6-e0aa-4e8f-8255-85d03f3072c9_word1.jpg,আমার,4 44 56 46,4,bengali
C:\Users\T2510600\Downloads\BAOCR\out\d4\crops\c3d6e4a6-e0aa-4e8f-8255-85d03f3072c9_word2.jpg,নাম,38 56 44,3,bengali
C:\Users\T2510600\Downloads\BAOCR\out\d4\crops\c3d6e4a6-e0aa-4e8f-8255-85d03f3072c9_word3.jpg, আলভী।,2 4 48 43 58 2,6,bengali
C:\Users\T2510600\Downloads\BAOCR\out\d4\crops\c3d6e4a6-e0aa-4e8f-8255-85d03f3072c9_word4.jpg, অধ্যায়নরত,2 3 37 71 45 56 45 2 38 46 34,11,bengali
C:\Users\T2510600\Downloads\BAOCR\out\d4\crops\c3d6e4a6-e0aa-4e8f-8255-85d03f3072c9_word5.jpg, আছি,2 4 25 57,4,bengali
C:\Users\T2510600\Downloads\BAOCR\out\d4\crops\c3d6e4a6-e0aa-4e8f-8255-85d03f3072c9_word6.jpg,সি.এস.ই,54 57 147 13 54 147 5,7,bengali
C:\Users\T2510600\Downloads\BAOCR\out\d4\crops\c3d6e4a6-e0aa-4e8f-8255-85d03f3072c9_word7.jpg,ডিপার্টমেন্টে।,31 57 40 56 46 71 29 44 65 38 71 29 65 2,14,bengali
C:\Users\T2510600\Downloads\BAOCR\out\d4\crops\c3d6e4a6-e0aa-4e8f-8255-85d03f3072c9_word8.jpg,আমি,4 44 57,3,bengali
C:\Users\T2510600\Downloads\BAOCR\out\d4\crops\c3d6e4a6-e0aa-4e8f-8255-85d03f3072c9_word9.jpg,বড়,42 31 2,3,bengali
C:\Users\T2510600\Downloads\BAOCR\out\d4\crops\c3d6e4a6-e0aa-4e8f-8255-85d03f3072c9_word10.jpg,হয়ে,55 45 2 65,4,bengali
C:\Users\T2510600\Downloads\BAOCR\out\d4\crops\c3d6e4a6-e0aa-4e8f-8255-85d03f3072c9_word11.jpg, এআই,2 13 4 5,4,bengali
C:\Users\T2510600\Downloads\BAOCR\out\d4\crops\c3d6e4a6-e0aa-4e8f-8255-85d03f3072c9_word12.jpg,ইঞ্জিনিয়ার,5 28 71 26 57 38 57 45 2 56 46,11,bengali
C:\Users\T2510600\Downloads\BAOCR\out\d4\crops\c3d6e4a6-e0aa-4e8f-8255-85d03f3072c9_word13.jpg,হতে,55 34 65,3,bengali
C:\Users\T2510600\Downloads\BAOCR\out\d4\crops\c3d6e4a6-e0aa-4e8f-8255-85d03f3072c9_word14.jpg,চাই।,24 56 5 2,4,bengali
C:\Users\T2510600\Downloads\BAOCR\out\d4\crops\c3d6e4a6-e0aa-4e8f-8255-85d03f3072c9_word15.jpg,নিজের,38 57 26 65 46,5,bengali
C:\Users\T2510600\Downloads\BAOCR\out\d4\crops\c3d6e4a6-e0aa-4e8f-8255-85d03f3072c9_word16.jpg,স্বপ্নগুলোকে,54 71 42 40 71 38 21 59 48 69 19 65,12,bengali
C:\Users\T2510600\Downloads\BAOCR\out\d4\crops\c3d6e4a6-e0aa-4e8f-8255-85d03f3072c9_word17.jpg,বাস্তবে,42 56 54 71 34 42 65,7,bengali
C:\Users\T2510600\Downloads\BAOCR\out\d4\crops\c3d6e4a6-e0aa-4e8f-8255-85d03f3072c9_word18.jpg,রুপ,46 59 40,3,bengali
C:\Users\T2510600\Downloads\BAOCR\out\d4\crops\c3d6e4a6-e0aa-4e8f-8255-85d03f3072c9_word19.jpg,দিতে,36 57 34 65,4,bengali
C:\Users\T2510600\Downloads\BAOCR\out\d4\crops\c3d6e4a6-e0aa-4e8f-8255-85d03f3072c9_word20.jpg,চাই।,24 56 5 2,4,bengali
C:\Users\T2510600\Downloads\BAOCR\out\d4\crops\c3d6e4a6-e0aa-4e8f-8255-85d03f3072c9_word21.jpg,অসম্ভবকে,3 54 44 71 43 42 19 65,8,bengali
C:\Users\T2510600\Downloads\BAOCR\out\d4\crops\c3d6e4a6-e0aa-4e8f-8255-85d03f3072c9_word22.jpg, আমি,2 4 44 57,4,bengali
C:\Users\T2510600\Downloads\BAOCR\out\d4\crops\c3d6e4a6-e0aa-4e8f-8255-85d03f3072c9_word23.jpg,সত্যিই,54 34 71 45 57 5,6,bengali
C:\Users\T2510600\Downloads\BAOCR\out\d4\crops\c3d6e4a6-e0aa-4e8f-8255-85d03f3072c9_word24.jpg,সম্ভব,54 44 71 43 42,5,bengali
C:\Users\T2510600\Downloads\BAOCR\out\d4\crops\c3d6e4a6-e0aa-4e8f-8255-85d03f3072c9_word25.jpg,করতে,19 46 34 65,4,bengali
C:\Users\T2510600\Downloads\BAOCR\out\d4\crops\c3d6e4a6-e0aa-4e8f-8255-85d03f3072c9_word26.jpg,চাই।,24 56 5 2,4,bengali
C:\Users\T2510600\Downloads\BAOCR\out\d4\crops\b2d7ca66-ecc4-4a32-be41-1c62c9d9854b_word1.jpg,তিনটের,34 57 38 29 65 46,6,bengali
C:\Users\T2510600\Downloads\BAOCR\out\d4\crops\b2d7ca66-ecc4-4a32-be41-1c62c9d9854b_word2.jpg,সময়,54 44 45 2,4,bengali
C:\Users\T2510600\Downloads\BAOCR\out\d4\crops\b2d7ca66-ecc4-4a32-be41-1c62c9d9854b_word3.jpg,"রুমী,",46 59 44 58 148,5,bengali
C:\Users\T2510600\Downloads\BAOCR\out\d4\crops\b2d7ca66-ecc4-4a32-be41-1c62c9d9854b_word4.jpg,"জামী,",26 56 44 58 148,5,bengali
C:\Users\T2510600\Downloads\BAOCR\out\d4\crops\b2d7ca66-ecc4-4a32-be41-1c62c9d9854b_word5.jpg,"শরীফ,",52 46 58 41 148,5,bengali
C:\Users\T2510600\Downloads\BAOCR\out\d4\crops\b2d7ca66-ecc4-4a32-be41-1c62c9d9854b_word6.jpg,সুবহান,54 59 42 55 56 38,6,bengali
C:\Users\T2510600\Downloads\BAOCR\out\d4\crops\b2d7ca66-ecc4-4a32-be41-1c62c9d9854b_word7.jpg,সবাই,54 42 56 5,4,bengali
C:\Users\T2510600\Downloads\BAOCR\out\d4\crops\b2d7ca66-ecc4-4a32-be41-1c62c9d9854b_word8.jpg,চলল,24 48 48,3,bengali
C:\Users\T2510600\Downloads\BAOCR\out\d4\crops\b2d7ca66-ecc4-4a32-be41-1c62c9d9854b_word9.jpg,পল্টন,40 48 71 29 38,5,bengali
C:\Users\T2510600\Downloads\BAOCR\out\d4\crops\b2d7ca66-ecc4-4a32-be41-1c62c9d9854b_word10.jpg,ময়দানের,44 45 2 36 56 38 65 46,8,bengali
C:\Users\T2510600\Downloads\BAOCR\out\d4\crops\b2d7ca66-ecc4-4a32-be41-1c62c9d9854b_word11.jpg,দিকে।,36 57 19 65 2,5,bengali
C:\Users\T2510600\Downloads\BAOCR\out\d4\crops\b2d7ca66-ecc4-4a32-be41-1c62c9d9854b_word12.jpg,রিকশা,46 57 19 52 56,5,bengali
C:\Users\T2510600\Downloads\BAOCR\out\d4\crops\b2d7ca66-ecc4-4a32-be41-1c62c9d9854b_word13.jpg,করে,19 46 65,3,bengali
C:\Users\T2510600\Downloads\BAOCR\out\d4\crops\b2d7ca66-ecc4-4a32-be41-1c62c9d9854b_word14.jpg,গেল।,21 65 48 2,4,bengali
C:\Users\T2510600\Downloads\BAOCR\out\d4\crops\b2d7ca66-ecc4-4a32-be41-1c62c9d9854b_word15.jpg,গাড়ি,21 56 31 2 57,5,bengali
C:\Users\T2510600\Downloads\BAOCR\out\d4\crops\b2d7ca66-ecc4-4a32-be41-1c62c9d9854b_word16.jpg,নিল,38 57 48,3,bengali
C:\Users\T2510600\Downloads\BAOCR\out\d4\crops\b2d7ca66-ecc4-4a32-be41-1c62c9d9854b_word17.jpg,না।,38 56 2,3,bengali
C:\Users\T2510600\Downloads\BAOCR\out\d4\crops\b2d7ca66-ecc4-4a32-be41-1c62c9d9854b_word18.jpg,অত,3 34,2,bengali
C:\Users\T2510600\Downloads\BAOCR\out\d4\crops\b2d7ca66-ecc4-4a32-be41-1c62c9d9854b_word19.jpg,ভিড়ে,43 57 31 2 65,5,bengali
C:\Users\T2510600\Downloads\BAOCR\out\d4\crops\b2d7ca66-ecc4-4a32-be41-1c62c9d9854b_word20.jpg,গাড়ি,21 56 31 2 57,5,bengali
C:\Users\T2510600\Downloads\BAOCR\out\d4\crops\b2d7ca66-ecc4-4a32-be41-1c62c9d9854b_word21.jpg,নিয়ে,38 57 45 2 65,5,bengali
C:\Users\T2510600\Downloads\BAOCR\out\d4\crops\b2d7ca66-ecc4-4a32-be41-1c62c9d9854b_word22.jpg, আরামের,2 4 46 56 44 65 46,7,bengali
C:\Users\T2510600\Downloads\BAOCR\out\d4\crops\b2d7ca66-ecc4-4a32-be41-1c62c9d9854b_word23.jpg,চেয়ে,24 65 45 2 65,5,bengali
C:\Users\T2510600\Downloads\BAOCR\out\d4\crops\b2d7ca66-ecc4-4a32-be41-1c62c9d9854b_word24.jpg,ঝামেলাই,27 56 44 65 48 56 5,7,bengali
C:\Users\T2510600\Downloads\BAOCR\out\d4\crops\b2d7ca66-ecc4-4a32-be41-1c62c9d9854b_word25.jpg,বেশি,42 65 52 57,4,bengali
C:\Users\T2510600\Downloads\BAOCR\out\d4\crops\28931426-5206-4815-b6cf-75918d17a1e4_word1.jpg,দিবা,36 57 42 56,4,bengali
C:\Users\T2510600\Downloads\BAOCR\out\d4\crops\28931426-5206-4815-b6cf-75918d17a1e4_word2.jpg,নিশি,38 57 52 57,4,bengali
C:\Users\T2510600\Downloads\BAOCR\out\d4\crops\28931426-5206-4815-b6cf-75918d17a1e4_word3.jpg,নামাজ,38 56 44 56 26,5,bengali
C:\Users\T2510600\Downloads\BAOCR\out\d4\crops\28931426-5206-4815-b6cf-75918d17a1e4_word4.jpg,পড়।,40 31 2 2,4,bengali
C:\Users\T2510600\Downloads\BAOCR\out\d4\crops\28931426-5206-4815-b6cf-75918d17a1e4_word5.jpg,করিও,19 46 57 17,4,bengali
C:\Users\T2510600\Downloads\BAOCR\out\d4\crops\28931426-5206-4815-b6cf-75918d17a1e4_word6.jpg,না,38 56,2,bengali
C:\Users\T2510600\Downloads\BAOCR\out\d4\crops\28931426-5206-4815-b6cf-75918d17a1e4_word7.jpg,"ভূল,",43 60 48 148,4,bengali
C:\Users\T2510600\Downloads\BAOCR\out\d4\crops\28931426-5206-4815-b6cf-75918d17a1e4_word8.jpg,নামাজ,38 56 44 56 26,5,bengali
C:\Users\T2510600\Downloads\BAOCR\out\d4\crops\28931426-5206-4815-b6cf-75918d17a1e4_word9.jpg,পড়ে,40 31 2 65,4,bengali
C:\Users\T2510600\Downloads\BAOCR\out\d4\crops\28931426-5206-4815-b6cf-75918d17a1e4_word10.jpg,পারি,40 56 46 57,4,bengali
C:\Users\T2510600\Downloads\BAOCR\out\d4\crops\28931426-5206-4815-b6cf-75918d17a1e4_word11.jpg,দিবে,36 57 42 65,4,bengali
C:\Users\T2510600\Downloads\BAOCR\out\d4\crops\28931426-5206-4815-b6cf-75918d17a1e4_word12.jpg,পুলসিরাতের,40 59 48 54 57 46 56 34 65 46,10,bengali
C:\Users\T2510600\Downloads\BAOCR\out\d4\crops\28931426-5206-4815-b6cf-75918d17a1e4_word13.jpg,পুল,40 59 48,3,bengali
C:\Users\T2510600\Downloads\BAOCR\out\d4\crops\28931426-5206-4815-b6cf-75918d17a1e4_word14.jpg,যখন,45 20 38,3,bengali
C:\Users\T2510600\Downloads\BAOCR\out\d4\crops\28931426-5206-4815-b6cf-75918d17a1e4_word15.jpg,তুমি,34 59 44 57,4,bengali
C:\Users\T2510600\Downloads\BAOCR\out\d4\crops\28931426-5206-4815-b6cf-75918d17a1e4_word16.jpg,পড়বে,40 31 2 42 65,5,bengali
C:\Users\T2510600\Downloads\BAOCR\out\d4\crops\28931426-5206-4815-b6cf-75918d17a1e4_word17.jpg,নামাজ,38 56 44 56 26,5,bengali
C:\Users\T2510600\Downloads\BAOCR\out\d4\crops\28931426-5206-4815-b6cf-75918d17a1e4_word18.jpg,লাগবে,48 56 21 42 65,5,bengali
C:\Users\T2510600\Downloads\BAOCR\out\d4\crops\28931426-5206-4815-b6cf-75918d17a1e4_word19.jpg, অনেক,2 3 38 65 19,5,bengali
C:\Users\T2510600\Downloads\BAOCR\out\d4\crops\28931426-5206-4815-b6cf-75918d17a1e4_word20.jpg,"ভাল,",43 56 48 148,4,bengali
C:\Users\T2510600\Downloads\BAOCR\out\d4\crops\28931426-5206-4815-b6cf-75918d17a1e4_word21.jpg,নামাজ,38 56 44 56 26,5,bengali
C:\Users\T2510600\Downloads\BAOCR\out\d4\crops\28931426-5206-4815-b6cf-75918d17a1e4_word22.jpg,তোমায়,34 69 44 56 45 2,6,bengali
C:\Users\T2510600\Downloads\BAOCR\out\d4\crops\28931426-5206-4815-b6cf-75918d17a1e4_word23.jpg,এনে,13 38 65,3,bengali
C:\Users\T2510600\Downloads\BAOCR\out\d4\crops\28931426-5206-4815-b6cf-75918d17a1e4_word24.jpg,দিবে,36 57 42 65,4,bengali
C:\Users\T2510600\Downloads\BAOCR\out\d4\crops\28931426-5206-4815-b6cf-75918d17a1e4_word25.jpg,জান্নাতের,26 56 38 71 38 56 34 65 46,9,bengali
C:\Users\T2510600\Downloads\BAOCR\out\d4\crops\28931426-5206-4815-b6cf-75918d17a1e4_word26.jpg, আলো।,2 4 48 69 2,5,bengali
C:\Users\T2510600\Downloads\BAOCR\out\d4\crops\493f7725-f541-41b4-878e-2df909ff90ba_word1.jpg,তুমি,34 59 44 57,4,bengali
C:\Users\T2510600\Downloads\BAOCR\out\d4\crops\493f7725-f541-41b4-878e-2df909ff90ba_word2.jpg,কেনো,19 65 38 69,4,bengali
C:\Users\T2510600\Downloads\BAOCR\out\d4\crops\493f7725-f541-41b4-878e-2df909ff90ba_word3.jpg,খবর,20 42 46,3,bengali
C:\Users\T2510600\Downloads\BAOCR\out\d4\crops\493f7725-f541-41b4-878e-2df909ff90ba_word4.jpg,রাখো,46 56 20 69,4,bengali
C:\Users\T2510600\Downloads\BAOCR\out\d4\crops\493f7725-f541-41b4-878e-2df909ff90ba_word5.jpg,না,38 56,2,bengali
C:\Users\T2510600\Downloads\BAOCR\out\d4\crops\493f7725-f541-41b4-878e-2df909ff90ba_word6.jpg,আম্মা।,4 44 71 44 56 2,6,bengali
C:\Users\T2510600\Downloads\BAOCR\out\d4\crops\493f7725-f541-41b4-878e-2df909ff90ba_word7.jpg,স্বাধীন,54 71 42 56 37 58 38,7,bengali
C:\Users\T2510600\Downloads\BAOCR\out\d4\crops\493f7725-f541-41b4-878e-2df909ff90ba_word8.jpg,বাংলার,42 56 73 48 56 46,6,bengali
C:\Users\T2510600\Downloads\BAOCR\out\d4\crops\493f7725-f541-41b4-878e-2df909ff90ba_word9.jpg,দাবির,36 56 42 57 46,5,bengali
C:\Users\T2510600\Downloads\BAOCR\out\d4\crops\493f7725-f541-41b4-878e-2df909ff90ba_word10.jpg,কথা,19 35 56,3,bengali
C:\Users\T2510600\Downloads\BAOCR\out\d4\crops\493f7725-f541-41b4-878e-2df909ff90ba_word11.jpg,তো,34 69,2,bengali
C:\Users\T2510600\Downloads\BAOCR\out\d4\crops\493f7725-f541-41b4-878e-2df909ff90ba_word12.jpg, অনেক,2 3 38 65 19,5,bengali
C:\Users\T2510600\Downloads\BAOCR\out\d4\crops\493f7725-f541-41b4-878e-2df909ff90ba_word13.jpg, অনেক,2 3 38 65 19,5,bengali
C:\Users\T2510600\Downloads\BAOCR\out\d4\crops\493f7725-f541-41b4-878e-2df909ff90ba_word14.jpg,পুরনো,40 59 46 38 69,5,bengali
C:\Users\T2510600\Downloads\BAOCR\out\d4\crops\493f7725-f541-41b4-878e-2df909ff90ba_word15.jpg,ব্যাপার।,42 71 45 56 40 56 46 2,8,bengali
C:\Users\T2510600\Downloads\BAOCR\out\d4\crops\493f7725-f541-41b4-878e-2df909ff90ba_word16.jpg,ভেতরে,43 65 34 46 65,5,bengali
C:\Users\T2510600\Downloads\BAOCR\out\d4\crops\493f7725-f541-41b4-878e-2df909ff90ba_word17.jpg,ভেতরে,43 65 34 46 65,5,bengali
C:\Users\T2510600\Downloads\BAOCR\out\d4\crops\493f7725-f541-41b4-878e-2df909ff90ba_word18.jpg,বহুদিন,42 55 59 36 57 38,6,bengali
C:\Users\T2510600\Downloads\BAOCR\out\d4\crops\493f7725-f541-41b4-878e-2df909ff90ba_word19.jpg,থেকেই,35 65 19 65 5,5,bengali
C:\Users\T2510600\Downloads\BAOCR\out\d4\crops\493f7725-f541-41b4-878e-2df909ff90ba_word20.jpg,গুমরাচ্ছিল।,21 59 44 46 56 24 71 25 57 48 2,11,bengali
C:\Users\T2510600\Downloads\BAOCR\out\d4\crops\493f7725-f541-41b4-878e-2df909ff90ba_word21.jpg,গত,21 34,2,bengali
C:\Users\T2510600\Downloads\BAOCR\out\d4\crops\493f7725-f541-41b4-878e-2df909ff90ba_word22.jpg,বছর,42 25 46,3,bengali
C:\Users\T2510600\Downloads\BAOCR\out\d4\crops\493f7725-f541-41b4-878e-2df909ff90ba_word23.jpg,নভেম্বরের,38 43 65 44 71 42 46 65 46,9,bengali
C:\Users\T2510600\Downloads\BAOCR\out\d4\crops\493f7725-f541-41b4-878e-2df909ff90ba_word24.jpg,সাইক্লোনের,54 56 5 19 71 48 69 38 65 46,10,bengali
C:\Users\T2510600\Downloads\BAOCR\out\d4\crops\493f7725-f541-41b4-878e-2df909ff90ba_word25.jpg,পরে,40 46 65,3,bengali
C:\Users\T2510600\Downloads\BAOCR\out\d4\crops\493f7725-f541-41b4-878e-2df909ff90ba_word26.jpg,তা,34 56,2,bengali
C:\Users\T2510600\Downloads\BAOCR\out\d4\crops\493f7725-f541-41b4-878e-2df909ff90ba_word27.jpg,ফেটে,41 65 29 65,4,bengali
C:\Users\T2510600\Downloads\BAOCR\out\d4\crops\493f7725-f541-41b4-878e-2df909ff90ba_word28.jpg,পড়েছে।,40 31 2 65 25 65 2,7,bengali
C:\Users\T2510600\Downloads\BAOCR\out\d4\crops\179c4d65-bce2-499e-9675-f4fa45aee868_word1.jpg,এই,13 5,2,bengali
C:\Users\T2510600\Downloads\BAOCR\out\d4\crops\179c4d65-bce2-499e-9675-f4fa45aee868_word2.jpg,পটভূমিতেই,40 29 43 60 44 57 34 65 5,9,bengali
C:\Users\T2510600\Downloads\BAOCR\out\d4\crops\179c4d65-bce2-499e-9675-f4fa45aee868_word3.jpg,১৯৭১-,138 146 144 138 153,5,bengali
C:\Users\T2510600\Downloads\BAOCR\out\d4\crops\179c4d65-bce2-499e-9675-f4fa45aee868_word4.jpg,এর,13 46,2,bengali
C:\Users\T2510600\Downloads\BAOCR\out\d4\crops\179c4d65-bce2-499e-9675-f4fa45aee868_word5.jpg,৭ই,144 5,2,bengali
C:\Users\T2510600\Downloads\BAOCR\out\d4\crops\179c4d65-bce2-499e-9675-f4fa45aee868_word6.jpg,মার্চ,44 56 46 71 24,5,bengali
C:\Users\T2510600\Downloads\BAOCR\out\d4\crops\179c4d65-bce2-499e-9675-f4fa45aee868_word7.jpg,ঢাকার,32 56 19 56 46,5,bengali
C:\Users\T2510600\Downloads\BAOCR\out\d4\crops\179c4d65-bce2-499e-9675-f4fa45aee868_word8.jpg,রেসকোর্স,46 65 54 19 69 46 71 54,8,bengali
C:\Users\T2510600\Downloads\BAOCR\out\d4\crops\179c4d65-bce2-499e-9675-f4fa45aee868_word9.jpg,ময়দানে,44 45 2 36 56 38 65,7,bengali
C:\Users\T2510600\Downloads\BAOCR\out\d4\crops\179c4d65-bce2-499e-9675-f4fa45aee868_word10.jpg,বঙ্গবন্ধু,42 23 71 21 42 38 71 37 59,9,bengali
C:\Users\T2510600\Downloads\BAOCR\out\d4\crops\179c4d65-bce2-499e-9675-f4fa45aee868_word11.jpg,শেখ,52 65 20,3,bengali
C:\Users\T2510600\Downloads\BAOCR\out\d4\crops\179c4d65-bce2-499e-9675-f4fa45aee868_word12.jpg,মুজিবুর,44 59 26 57 42 59 46,7,bengali
C:\Users\T2510600\Downloads\BAOCR\out\d4\crops\179c4d65-bce2-499e-9675-f4fa45aee868_word13.jpg,রহমান,46 55 44 56 38,5,bengali
C:\Users\T2510600\Downloads\BAOCR\out\d4\crops\179c4d65-bce2-499e-9675-f4fa45aee868_word14.jpg,এক,13 19,2,bengali
C:\Users\T2510600\Downloads\BAOCR\out\d4\crops\179c4d65-bce2-499e-9675-f4fa45aee868_word15.jpg,ঐতিহাসিক,14 34 57 55 56 54 57 19,8,bengali
C:\Users\T2510600\Downloads\BAOCR\out\d4\crops\179c4d65-bce2-499e-9675-f4fa45aee868_word16.jpg,ভাষণ,43 56 53 33,4,bengali
C:\Users\T2510600\Downloads\BAOCR\out\d4\crops\179c4d65-bce2-499e-9675-f4fa45aee868_word17.jpg,দেন।,36 65 38 2,4,bengali
C:\Users\T2510600\Downloads\BAOCR\out\d4\crops\179c4d65-bce2-499e-9675-f4fa45aee868_word18.jpg,"আবেগে,",4 42 65 21 65 148,6,bengali
C:\Users\T2510600\Downloads\BAOCR\out\d4\crops\179c4d65-bce2-499e-9675-f4fa45aee868_word19.jpg,বক্তব্যে,42 19 71 34 42 71 45 65,8,bengali
C:\Users\T2510600\Downloads\BAOCR\out\d4\crops\179c4d65-bce2-499e-9675-f4fa45aee868_word20.jpg,দিক-,36 57 19 153,4,bengali
C:\Users\T2510600\Downloads\BAOCR\out\d4\crops\179c4d65-bce2-499e-9675-f4fa45aee868_word21.jpg,নির্দেশনায়,38 57 46 71 36 65 52 38 56 45 2,11,bengali
C:\Users\T2510600\Downloads\BAOCR\out\d4\crops\179c4d65-bce2-499e-9675-f4fa45aee868_word22.jpg,এটি,13 29 57,3,bengali
C:\Users\T2510600\Downloads\BAOCR\out\d4\crops\179c4d65-bce2-499e-9675-f4fa45aee868_word23.jpg,পৃথিবীর,40 61 35 57 42 58 46,7,bengali
C:\Users\T2510600\Downloads\BAOCR\out\d4\crops\179c4d65-bce2-499e-9675-f4fa45aee868_word24.jpg, অন্যতম,2 3 38 71 45 34 44,7,bengali
C:\Users\T2510600\Downloads\BAOCR\out\d4\crops\179c4d65-bce2-499e-9675-f4fa45aee868_word25.jpg,শ্রেষ্ঠ,52 71 46 65 53 71 30,7,bengali
C:\Users\T2510600\Downloads\BAOCR\out\d4\crops\179c4d65-bce2-499e-9675-f4fa45aee868_word26.jpg,ভাষণ,43 56 53 33,4,bengali
C:\Users\T2510600\Downloads\BAOCR\out\d4\crops\179c4d65-bce2-499e-9675-f4fa45aee868_word27.jpg,হিসেবে,55 57 54 65 42 65,6,bengali
C:\Users\T2510600\Downloads\BAOCR\out\d4\crops\179c4d65-bce2-499e-9675-f4fa45aee868_word28.jpg,স্বীকৃত।,54 71 42 58 19 61 34 2,8,bengali
C:\Users\T2510600\Downloads\BAOCR\out\d4\crops\95f46f32-f681-4180-b34c-f62414e51b89_word1.jpg,আমার,4 44 56 46,4,bengali
C:\Users\T2510600\Downloads\BAOCR\out\d4\crops\95f46f32-f681-4180-b34c-f62414e51b89_word2.jpg,ভাইয়ের,43 56 5 45 2 65 46,7,bengali
C:\Users\T2510600\Downloads\BAOCR\out\d4\crops\95f46f32-f681-4180-b34c-f62414e51b89_word3.jpg,রক্তে,46 19 71 34 65,5,bengali
C:\Users\T2510600\Downloads\BAOCR\out\d4\crops\95f46f32-f681-4180-b34c-f62414e51b89_word4.jpg,রাঙানো,46 56 23 56 38 69,6,bengali
C:\Users\T2510600\Downloads\BAOCR\out\d4\crops\95f46f32-f681-4180-b34c-f62414e51b89_word5.jpg,একুশে,13 19 59 52 65,5,bengali
C:\Users\T2510600\Downloads\BAOCR\out\d4\crops\95f46f32-f681-4180-b34c-f62414e51b89_word6.jpg,ফেব্রুয়ারি,41 65 42 71 46 59 45 2 56 46 57,11,bengali
C:\Users\T2510600\Downloads\BAOCR\out\d4\crops\95f46f32-f681-4180-b34c-f62414e51b89_word7.jpg, আমি,2 4 44 57,4,bengali
C:\Users\T2510600\Downloads\BAOCR\out\d4\crops\95f46f32-f681-4180-b34c-f62414e51b89_word8.jpg,কি,19 57,2,bengali
C:\Users\T2510600\Downloads\BAOCR\out\d4\crops\95f46f32-f681-4180-b34c-f62414e51b89_word9.jpg,ভুলিতে,43 59 48 57 34 65,6,bengali
C:\Users\T2510600\Downloads\BAOCR\out\d4\crops\95f46f32-f681-4180-b34c-f62414e51b89_word10.jpg,পারি,40 56 46 57,4,bengali
C:\Users\T2510600\Downloads\BAOCR\out\d4\crops\95f46f32-f681-4180-b34c-f62414e51b89_word11.jpg,ছেলেহারা,25 65 48 65 55 56 46 56,8,bengali
C:\Users\T2510600\Downloads\BAOCR\out\d4\crops\95f46f32-f681-4180-b34c-f62414e51b89_word12.jpg,শত,52 34,2,bengali
C:\Users\T2510600\Downloads\BAOCR\out\d4\crops\95f46f32-f681-4180-b34c-f62414e51b89_word13.jpg,মায়ের,44 56 45 2 65 46,6,bengali
C:\Users\T2510600\Downloads\BAOCR\out\d4\crops\95f46f32-f681-4180-b34c-f62414e51b89_word14.jpg, অশ্রু-,2 3 52 71 46 59 153,7,bengali
C:\Users\T2510600\Downloads\BAOCR\out\d4\crops\95f46f32-f681-4180-b34c-f62414e51b89_word15.jpg,গড়া,21 31 2 56,4,bengali
C:\Users\T2510600\Downloads\BAOCR\out\d4\crops\95f46f32-f681-4180-b34c-f62414e51b89_word16.jpg,এ,13,1,bengali
C:\Users\T2510600\Downloads\BAOCR\out\d4\crops\95f46f32-f681-4180-b34c-f62414e51b89_word17.jpg,ফেব্রুয়ারি,41 65 42 71 46 59 45 2 56 46 57,11,bengali
C:\Users\T2510600\Downloads\BAOCR\out\d4\crops\95f46f32-f681-4180-b34c-f62414e51b89_word18.jpg,আমি,4 44 57,3,bengali
C:\Users\T2510600\Downloads\BAOCR\out\d4\crops\95f46f32-f681-4180-b34c-f62414e51b89_word19.jpg,কি,19 57,2,bengali
C:\Users\T2510600\Downloads\BAOCR\out\d4\crops\95f46f32-f681-4180-b34c-f62414e51b89_word20.jpg,ভুলিতে,43 59 48 57 34 65,6,bengali
C:\Users\T2510600\Downloads\BAOCR\out\d4\crops\95f46f32-f681-4180-b34c-f62414e51b89_word21.jpg,পারি,40 56 46 57,4,bengali
C:\Users\T2510600\Downloads\BAOCR\out\d4\crops\95f46f32-f681-4180-b34c-f62414e51b89_word22.jpg, আমার,2 4 44 56 46,5,bengali
C:\Users\T2510600\Downloads\BAOCR\out\d4\crops\95f46f32-f681-4180-b34c-f62414e51b89_word23.jpg,সোনার,54 69 38 56 46,5,bengali
C:\Users\T2510600\Downloads\BAOCR\out\d4\crops\95f46f32-f681-4180-b34c-f62414e51b89_word24.jpg,দেশের,36 65 52 65 46,5,bengali
C:\Users\T2510600\Downloads\BAOCR\out\d4\crops\95f46f32-f681-4180-b34c-f62414e51b89_word25.jpg,রক্তে,46 19 71 34 65,5,bengali
C:\Users\T2510600\Downloads\BAOCR\out\d4\crops\95f46f32-f681-4180-b34c-f62414e51b89_word26.jpg,রাঙানো,46 56 23 56 38 69,6,bengali
C:\Users\T2510600\Downloads\BAOCR\out\d4\crops\95f46f32-f681-4180-b34c-f62414e51b89_word27.jpg,ফেব্রুয়ারি,41 65 42 71 46 59 45 2 56 46 57,11,bengali
C:\Users\T2510600\Downloads\BAOCR\out\d4\crops\95f46f32-f681-4180-b34c-f62414e51b89_word28.jpg, আমি,2 4 44 57,4,bengali
C:\Users\T2510600\Downloads\BAOCR\out\d4\crops\95f46f32-f681-4180-b34c-f62414e51b89_word29.jpg,কি,19 57,2,bengali
C:\Users\T2510600\Downloads\BAOCR\out\d4\crops\95f46f32-f681-4180-b34c-f62414e51b89_word30.jpg,ভুলিতে,43 59 48 57 34 65,6,bengali
C:\Users\T2510600\Downloads\BAOCR\out\d4\crops\95f46f32-f681-4180-b34c-f62414e51b89_word31.jpg,পারি।,40 56 46 57 2,5,bengali
C:\Users\T2510600\Downloads\BAOCR\out\d4\crops\51fb896d-5c37-456c-83c4-7908d642097b_word1.jpg,"মা,",44 56 148,3,bengali
C:\Users\T2510600\Downloads\BAOCR\out\d4\crops\51fb896d-5c37-456c-83c4-7908d642097b_word2.jpg,তুমি,34 59 44 57,4,bengali
C:\Users\T2510600\Downloads\BAOCR\out\d4\crops\51fb896d-5c37-456c-83c4-7908d642097b_word3.jpg,এই,13 5,2,bengali
C:\Users\T2510600\Downloads\BAOCR\out\d4\crops\51fb896d-5c37-456c-83c4-7908d642097b_word4.jpg,মুহুর্তে,44 59 55 59 46 71 34 65,8,bengali
C:\Users\T2510600\Downloads\BAOCR\out\d4\crops\51fb896d-5c37-456c-83c4-7908d642097b_word5.jpg, আমাকে,2 4 44 56 19 65,6,bengali
C:\Users\T2510600\Downloads\BAOCR\out\d4\crops\51fb896d-5c37-456c-83c4-7908d642097b_word6.jpg,দেখলে,36 65 20 48 65,5,bengali
C:\Users\T2510600\Downloads\BAOCR\out\d4\crops\51fb896d-5c37-456c-83c4-7908d642097b_word7.jpg,চিনতে,24 57 38 34 65,5,bengali
C:\Users\T2510600\Downloads\BAOCR\out\d4\crops\51fb896d-5c37-456c-83c4-7908d642097b_word8.jpg,পারবে,40 56 46 42 65,5,bengali
C:\Users\T2510600\Downloads\BAOCR\out\d4\crops\51fb896d-5c37-456c-83c4-7908d642097b_word9.jpg,না।,38 56 2,3,bengali
C:\Users\T2510600\Downloads\BAOCR\out\d4\crops\51fb896d-5c37-456c-83c4-7908d642097b_word10.jpg,বিশাল,42 57 52 56 48,5,bengali
C:\Users\T2510600\Downloads\BAOCR\out\d4\crops\51fb896d-5c37-456c-83c4-7908d642097b_word11.jpg,বাবরি,42 56 42 46 57,5,bengali
C:\Users\T2510600\Downloads\BAOCR\out\d4\crops\51fb896d-5c37-456c-83c4-7908d642097b_word12.jpg,"চুল,",24 59 48 148,4,bengali
C:\Users\T2510600\Downloads\BAOCR\out\d4\crops\51fb896d-5c37-456c-83c4-7908d642097b_word13.jpg,মুখভর্তি,44 59 20 43 46 71 34 57,8,bengali
C:\Users\T2510600\Downloads\BAOCR\out\d4\crops\51fb896d-5c37-456c-83c4-7908d642097b_word14.jpg,দাড়ি,36 56 31 2 57,5,bengali
C:\Users\T2510600\Downloads\BAOCR\out\d4\crops\51fb896d-5c37-456c-83c4-7908d642097b_word15.jpg,গোঁফ।,21 69 72 41 2,5,bengali
C:\Users\T2510600\Downloads\BAOCR\out\d4\crops\51fb896d-5c37-456c-83c4-7908d642097b_word16.jpg,যদিও,45 36 57 17,4,bengali
C:\Users\T2510600\Downloads\BAOCR\out\d4\crops\51fb896d-5c37-456c-83c4-7908d642097b_word17.jpg, আমি,2 4 44 57,4,bengali
C:\Users\T2510600\Downloads\BAOCR\out\d4\crops\51fb896d-5c37-456c-83c4-7908d642097b_word18.jpg,নিজের,38 57 26 65 46,5,bengali
C:\Users\T2510600\Downloads\BAOCR\out\d4\crops\51fb896d-5c37-456c-83c4-7908d642097b_word19.jpg,চেহারাটা,24 65 55 56 46 56 29 56,8,bengali
C:\Users\T2510600\Downloads\BAOCR\out\d4\crops\51fb896d-5c37-456c-83c4-7908d642097b_word20.jpg,বহুদিন,42 55 59 36 57 38,6,bengali
C:\Users\T2510600\Downloads\BAOCR\out\d4\crops\51fb896d-5c37-456c-83c4-7908d642097b_word21.jpg,দেখি,36 65 20 57,4,bengali
C:\Users\T2510600\Downloads\BAOCR\out\d4\crops\51fb896d-5c37-456c-83c4-7908d642097b_word22.jpg,না,38 56,2,bengali
C:\Users\T2510600\Downloads\BAOCR\out\d4\crops\51fb896d-5c37-456c-83c4-7908d642097b_word23.jpg,কারণ,19 56 46 33,4,bengali
C:\Users\T2510600\Downloads\BAOCR\out\d4\crops\51fb896d-5c37-456c-83c4-7908d642097b_word24.jpg,এখানে,13 20 56 38 65,5,bengali
C:\Users\T2510600\Downloads\BAOCR\out\d4\crops\51fb896d-5c37-456c-83c4-7908d642097b_word25.jpg,কোনো,19 69 38 69,4,bengali
C:\Users\T2510600\Downloads\BAOCR\out\d4\crops\51fb896d-5c37-456c-83c4-7908d642097b_word26.jpg, আয়না,2 4 45 2 38 56,6,bengali
C:\Users\T2510600\Downloads\BAOCR\out\d4\crops\51fb896d-5c37-456c-83c4-7908d642097b_word27.jpg,নেই।,38 65 5 2,4,bengali
C:\Users\T2510600\Downloads\BAOCR\out\d4\crops\025cd023-7dfb-49b5-98d0-445c6aed24ea_word1.jpg,১৮৯৪,138 145 146 141,4,bengali
C:\Users\T2510600\Downloads\BAOCR\out\d4\crops\025cd023-7dfb-49b5-98d0-445c6aed24ea_word2.jpg,সালে,54 56 48 65,4,bengali
C:\Users\T2510600\Downloads\BAOCR\out\d4\crops\025cd023-7dfb-49b5-98d0-445c6aed24ea_word3.jpg,তিনি,34 57 38 57,4,bengali
C:\Users\T2510600\Downloads\BAOCR\out\d4\crops\025cd023-7dfb-49b5-98d0-445c6aed24ea_word4.jpg,কলকাতার,19 48 19 56 34 56 46,7,bengali
C:\Users\T2510600\Downloads\BAOCR\out\d4\crops\025cd023-7dfb-49b5-98d0-445c6aed24ea_word5.jpg,টাউন,29 56 7 38,4,bengali
C:\Users\T2510600\Downloads\BAOCR\out\d4\crops\025cd023-7dfb-49b5-98d0-445c6aed24ea_word6.jpg,হলে,55 48 65,3,bengali
C:\Users\T2510600\Downloads\BAOCR\out\d4\crops\025cd023-7dfb-49b5-98d0-445c6aed24ea_word7.jpg,তাঁর,34 56 72 46,4,bengali
C:\Users\T2510600\Downloads\BAOCR\out\d4\crops\025cd023-7dfb-49b5-98d0-445c6aed24ea_word8.jpg, আবিষ্কারের,2 4 42 57 53 71 19 56 46 65 46,11,bengali
C:\Users\T2510600\Downloads\BAOCR\out\d4\crops\025cd023-7dfb-49b5-98d0-445c6aed24ea_word9.jpg,কয়েকটি,19 45 2 65 19 29 57,7,bengali
C:\Users\T2510600\Downloads\BAOCR\out\d4\crops\025cd023-7dfb-49b5-98d0-445c6aed24ea_word10.jpg,জিনিস,26 57 38 57 54,5,bengali
C:\Users\T2510600\Downloads\BAOCR\out\d4\crops\025cd023-7dfb-49b5-98d0-445c6aed24ea_word11.jpg,প্রকাশ্যে,40 71 46 19 56 52 71 45 65,9,bengali
C:\Users\T2510600\Downloads\BAOCR\out\d4\crops\025cd023-7dfb-49b5-98d0-445c6aed24ea_word12.jpg,দেখান।,36 65 20 56 38 2,6,bengali
C:\Users\T2510600\Downloads\BAOCR\out\d4\crops\025cd023-7dfb-49b5-98d0-445c6aed24ea_word13.jpg,তিনি,34 57 38 57,4,bengali
C:\Users\T2510600\Downloads\BAOCR\out\d4\crops\025cd023-7dfb-49b5-98d0-445c6aed24ea_word14.jpg,এক,13 19,2,bengali
C:\Users\T2510600\Downloads\BAOCR\out\d4\crops\025cd023-7dfb-49b5-98d0-445c6aed24ea_word15.jpg,ঘরে,22 46 65,3,bengali
C:\Users\T2510600\Downloads\BAOCR\out\d4\crops\025cd023-7dfb-49b5-98d0-445c6aed24ea_word16.jpg,বৈদ্যুতিক,42 66 36 71 45 59 34 57 19,9,bengali
C:\Users\T2510600\Downloads\BAOCR\out\d4\crops\025cd023-7dfb-49b5-98d0-445c6aed24ea_word17.jpg,সংকেত,54 73 19 65 34,5,bengali
C:\Users\T2510600\Downloads\BAOCR\out\d4\crops\025cd023-7dfb-49b5-98d0-445c6aed24ea_word18.jpg,তৈরি,34 66 46 57,4,bengali
C:\Users\T2510600\Downloads\BAOCR\out\d4\crops\025cd023-7dfb-49b5-98d0-445c6aed24ea_word19.jpg,করে,19 46 65,3,bengali
C:\Users\T2510600\Downloads\BAOCR\out\d4\crops\025cd023-7dfb-49b5-98d0-445c6aed24ea_word20.jpg,বিনা,42 57 38 56,4,bengali
C:\Users\T2510600\Downloads\BAOCR\out\d4\crops\025cd023-7dfb-49b5-98d0-445c6aed24ea_word21.jpg,তারে,34 56 46 65,4,bengali
C:\Users\T2510600\Downloads\BAOCR\out\d4\crops\025cd023-7dfb-49b5-98d0-445c6aed24ea_word22.jpg, অন্য,2 3 38 71 45,5,bengali
C:\Users\T2510600\Downloads\BAOCR\out\d4\crops\025cd023-7dfb-49b5-98d0-445c6aed24ea_word23.jpg,ঘরে,22 46 65,3,bengali
C:\Users\T2510600\Downloads\BAOCR\out\d4\crops\025cd023-7dfb-49b5-98d0-445c6aed24ea_word24.jpg,রাখা,46 56 20 56,4,bengali
C:\Users\T2510600\Downloads\BAOCR\out\d4\crops\025cd023-7dfb-49b5-98d0-445c6aed24ea_word25.jpg,বারুদে,42 56 46 59 36 65,6,bengali
C:\Users\T2510600\Downloads\BAOCR\out\d4\crops\025cd023-7dfb-49b5-98d0-445c6aed24ea_word26.jpg, আগুন,2 4 21 59 38,5,bengali
C:\Users\T2510600\Downloads\BAOCR\out\d4\crops\025cd023-7dfb-49b5-98d0-445c6aed24ea_word27.jpg,লাগিয়ে,48 56 21 57 45 2 65,7,bengali
C:\Users\T2510600\Downloads\BAOCR\out\d4\crops\025cd023-7dfb-49b5-98d0-445c6aed24ea_word28.jpg,দেন।,36 65 38 2,4,bengali
C:\Users\T2510600\Downloads\BAOCR\out\d4\crops\10ad398d-0885-4b9a-ba71-71ff74296892_word1.jpg,কেউ,19 65 7,3,bengali
C:\Users\T2510600\Downloads\BAOCR\out\d4\crops\10ad398d-0885-4b9a-ba71-71ff74296892_word2.jpg,"মালা,",44 56 48 56 148,5,bengali
C:\Users\T2510600\Downloads\BAOCR\out\d4\crops\10ad398d-0885-4b9a-ba71-71ff74296892_word3.jpg,কেউ,19 65 7,3,bengali
C:\Users\T2510600\Downloads\BAOCR\out\d4\crops\10ad398d-0885-4b9a-ba71-71ff74296892_word4.jpg,তসবি,34 54 42 57,4,bengali
C:\Users\T2510600\Downloads\BAOCR\out\d4\crops\10ad398d-0885-4b9a-ba71-71ff74296892_word5.jpg,"গলায়,",21 48 56 45 2 148,6,bengali
C:\Users\T2510600\Downloads\BAOCR\out\d4\crops\10ad398d-0885-4b9a-ba71-71ff74296892_word6.jpg,তাইতে,34 56 5 34 65,5,bengali
C:\Users\T2510600\Downloads\BAOCR\out\d4\crops\10ad398d-0885-4b9a-ba71-71ff74296892_word7.jpg,কি,19 57,2,bengali
C:\Users\T2510600\Downloads\BAOCR\out\d4\crops\10ad398d-0885-4b9a-ba71-71ff74296892_word8.jpg,জাত,26 56 34,3,bengali
C:\Users\T2510600\Downloads\BAOCR\out\d4\crops\10ad398d-0885-4b9a-ba71-71ff74296892_word9.jpg,ভিন্ন,43 57 38 71 38,5,bengali
C:\Users\T2510600\Downloads\BAOCR\out\d4\crops\10ad398d-0885-4b9a-ba71-71ff74296892_word10.jpg,"বলায়,",42 48 56 45 2 148,6,bengali
C:\Users\T2510600\Downloads\BAOCR\out\d4\crops\10ad398d-0885-4b9a-ba71-71ff74296892_word11.jpg,যাওয়া,45 56 17 45 2 56,6,bengali
C:\Users\T2510600\Downloads\BAOCR\out\d4\crops\10ad398d-0885-4b9a-ba71-71ff74296892_word12.jpg,কিংবা,19 57 73 42 56,5,bengali
C:\Users\T2510600\Downloads\BAOCR\out\d4\crops\10ad398d-0885-4b9a-ba71-71ff74296892_word13.jpg,আসার,4 54 56 46,4,bengali
C:\Users\T2510600\Downloads\BAOCR\out\d4\crops\10ad398d-0885-4b9a-ba71-71ff74296892_word14.jpg,বেলায়,42 65 48 56 45 2,6,bengali
C:\Users\T2510600\Downloads\BAOCR\out\d4\crops\10ad398d-0885-4b9a-ba71-71ff74296892_word15.jpg,জেতের,26 65 34 65 46,5,bengali
C:\Users\T2510600\Downloads\BAOCR\out\d4\crops\10ad398d-0885-4b9a-ba71-71ff74296892_word16.jpg,চিহ্ন,24 57 55 71 38,5,bengali
C:\Users\T2510600\Downloads\BAOCR\out\d4\crops\10ad398d-0885-4b9a-ba71-71ff74296892_word17.jpg, রয়,2 46 45 2,4,bengali
C:\Users\T2510600\Downloads\BAOCR\out\d4\crops\10ad398d-0885-4b9a-ba71-71ff74296892_word18.jpg,কার,19 56 46,3,bengali
C:\Users\T2510600\Downloads\BAOCR\out\d4\crops\10ad398d-0885-4b9a-ba71-71ff74296892_word19.jpg,রে।,46 65 2,3,bengali
C:\Users\T2510600\Downloads\BAOCR\out\d4\crops\9d6e7901-63a3-4c53-8279-75a039ea32f3_word1.jpg,বাংলা,42 56 73 48 56,5,bengali
C:\Users\T2510600\Downloads\BAOCR\out\d4\crops\9d6e7901-63a3-4c53-8279-75a039ea32f3_word2.jpg,সনের,54 38 65 46,4,bengali
C:\Users\T2510600\Downloads\BAOCR\out\d4\crops\9d6e7901-63a3-4c53-8279-75a039ea32f3_word3.jpg,প্রথম,40 71 46 35 44,5,bengali
C:\Users\T2510600\Downloads\BAOCR\out\d4\crops\9d6e7901-63a3-4c53-8279-75a039ea32f3_word4.jpg,মাসের,44 56 54 65 46,5,bengali
C:\Users\T2510600\Downloads\BAOCR\out\d4\crops\9d6e7901-63a3-4c53-8279-75a039ea32f3_word5.jpg,নাম,38 56 44,3,bengali
C:\Users\T2510600\Downloads\BAOCR\out\d4\crops\9d6e7901-63a3-4c53-8279-75a039ea32f3_word6.jpg,বৈশাখ।,42 66 52 56 20 2,6,bengali
C:\Users\T2510600\Downloads\BAOCR\out\d4\crops\9d6e7901-63a3-4c53-8279-75a039ea32f3_word7.jpg,পয়লা,40 45 2 48 56,5,bengali
C:\Users\T2510600\Downloads\BAOCR\out\d4\crops\9d6e7901-63a3-4c53-8279-75a039ea32f3_word8.jpg,বৈশাখ,42 66 52 56 20,5,bengali
C:\Users\T2510600\Downloads\BAOCR\out\d4\crops\9d6e7901-63a3-4c53-8279-75a039ea32f3_word9.jpg,বাঙালির,42 56 23 56 48 57 46,7,bengali
C:\Users\T2510600\Downloads\BAOCR\out\d4\crops\9d6e7901-63a3-4c53-8279-75a039ea32f3_word10.jpg,নবর্বষ,38 42 46 71 42 53,6,bengali
C:\Users\T2510600\Downloads\BAOCR\out\d4\crops\9d6e7901-63a3-4c53-8279-75a039ea32f3_word11.jpg,উৎসব।,7 2 54 42 2,5,bengali
C:\Users\T2510600\Downloads\BAOCR\out\d4\crops\9d6e7901-63a3-4c53-8279-75a039ea32f3_word12.jpg,নবর্বষ,38 42 46 71 42 53,6,bengali
C:\Users\T2510600\Downloads\BAOCR\out\d4\crops\9d6e7901-63a3-4c53-8279-75a039ea32f3_word13.jpg,সকল,54 19 48,3,bengali
C:\Users\T2510600\Downloads\BAOCR\out\d4\crops\9d6e7901-63a3-4c53-8279-75a039ea32f3_word14.jpg,দেশের,36 65 52 65 46,5,bengali
C:\Users\T2510600\Downloads\BAOCR\out\d4\crops\9d6e7901-63a3-4c53-8279-75a039ea32f3_word15.jpg,সকল,54 19 48,3,bengali
C:\Users\T2510600\Downloads\BAOCR\out\d4\crops\9d6e7901-63a3-4c53-8279-75a039ea32f3_word16.jpg,জাতিরই,26 56 34 57 46 5,6,bengali
C:\Users\T2510600\Downloads\BAOCR\out\d4\crops\9d6e7901-63a3-4c53-8279-75a039ea32f3_word17.jpg,আনন্দ,4 38 38 71 36,5,bengali
C:\Users\T2510600\Downloads\BAOCR\out\d4\crops\9d6e7901-63a3-4c53-8279-75a039ea32f3_word18.jpg,উৎসবের,7 2 54 42 65 46,6,bengali
C:\Users\T2510600\Downloads\BAOCR\out\d4\crops\9d6e7901-63a3-4c53-8279-75a039ea32f3_word19.jpg,দিন!,36 57 38 151,4,bengali
C:\Users\T2510600\Downloads\BAOCR\out\d4\crops\9d6e7901-63a3-4c53-8279-75a039ea32f3_word20.jpg,শুধু,52 59 37 59,4,bengali
C:\Users\T2510600\Downloads\BAOCR\out\d4\crops\9d6e7901-63a3-4c53-8279-75a039ea32f3_word21.jpg, আনন্দ,2 4 38 38 71 36,6,bengali
C:\Users\T2510600\Downloads\BAOCR\out\d4\crops\9d6e7901-63a3-4c53-8279-75a039ea32f3_word22.jpg, উচ্ছ্বাসই,2 7 24 71 25 71 42 56 54 5,10,bengali
C:\Users\T2510600\Downloads\BAOCR\out\d4\crops\9d6e7901-63a3-4c53-8279-75a039ea32f3_word23.jpg,"না,",38 56 148,3,bengali
C:\Users\T2510600\Downloads\BAOCR\out\d4\crops\9d6e7901-63a3-4c53-8279-75a039ea32f3_word24.jpg,সকল,54 19 48,3,bengali
C:\Users\T2510600\Downloads\BAOCR\out\d4\crops\9d6e7901-63a3-4c53-8279-75a039ea32f3_word25.jpg,মানুষের,44 56 38 59 53 65 46,7,bengali
C:\Users\T2510600\Downloads\BAOCR\out\d4\crops\9d6e7901-63a3-4c53-8279-75a039ea32f3_word26.jpg,জন্য,26 38 71 45,4,bengali
C:\Users\T2510600\Downloads\BAOCR\out\d4\crops\9d6e7901-63a3-4c53-8279-75a039ea32f3_word27.jpg,কল্যাণ,19 48 71 45 56 33,6,bengali
C:\Users\T2510600\Downloads\BAOCR\out\d4\crops\9d6e7901-63a3-4c53-8279-75a039ea32f3_word28.jpg,কামনারও,19 56 44 38 56 46 17,7,bengali
C:\Users\T2510600\Downloads\BAOCR\out\d4\crops\9d6e7901-63a3-4c53-8279-75a039ea32f3_word29.jpg,দিন!,36 57 38 151,4,bengali
C:\Users\T2510600\Downloads\BAOCR\out\d4\crops\8bed69b9-7ba9-446a-8ee9-6b243867a75e_word1.jpg,খুব,20 59 42,3,bengali
C:\Users\T2510600\Downloads\BAOCR\out\d4\crops\8bed69b9-7ba9-446a-8ee9-6b243867a75e_word2.jpg,ছোটবেলা,25 69 29 42 65 48 56,7,bengali
C:\Users\T2510600\Downloads\BAOCR\out\d4\crops\8bed69b9-7ba9-446a-8ee9-6b243867a75e_word3.jpg,থেকেই,35 65 19 65 5,5,bengali
C:\Users\T2510600\Downloads\BAOCR\out\d4\crops\8bed69b9-7ba9-446a-8ee9-6b243867a75e_word4.jpg, আমার,2 4 44 56 46,5,bengali
C:\Users\T2510600\Downloads\BAOCR\out\d4\crops\8bed69b9-7ba9-446a-8ee9-6b243867a75e_word5.jpg,ডাইরী,31 56 5 46 58,5,bengali
C:\Users\T2510600\Downloads\BAOCR\out\d4\crops\8bed69b9-7ba9-446a-8ee9-6b243867a75e_word6.jpg,লিখতে,48 57 20 34 65,5,bengali
C:\Users\T2510600\Downloads\BAOCR\out\d4\crops\8bed69b9-7ba9-446a-8ee9-6b243867a75e_word7.jpg,ভাল,43 56 48,3,bengali
C:\Users\T2510600\Downloads\BAOCR\out\d4\crops\8bed69b9-7ba9-446a-8ee9-6b243867a75e_word8.jpg,লাগে।,48 56 21 65 2,5,bengali
C:\Users\T2510600\Downloads\BAOCR\out\d4\crops\8bed69b9-7ba9-446a-8ee9-6b243867a75e_word9.jpg,এতে,13 34 65,3,bengali
C:\Users\T2510600\Downloads\BAOCR\out\d4\crops\8bed69b9-7ba9-446a-8ee9-6b243867a75e_word10.jpg, আমি,2 4 44 57,4,bengali
C:\Users\T2510600\Downloads\BAOCR\out\d4\crops\8bed69b9-7ba9-446a-8ee9-6b243867a75e_word11.jpg, আমার,2 4 44 56 46,5,bengali
C:\Users\T2510600\Downloads\BAOCR\out\d4\crops\8bed69b9-7ba9-446a-8ee9-6b243867a75e_word12.jpg,নিত্যদিনের,38 57 34 71 45 36 57 38 65 46,10,bengali
C:\Users\T2510600\Downloads\BAOCR\out\d4\crops\8bed69b9-7ba9-446a-8ee9-6b243867a75e_word13.jpg, উল্লেখযোগ্য,2 7 48 71 48 65 20 45 69 21 71 45,12,bengali
C:\Users\T2510600\Downloads\BAOCR\out\d4\crops\8bed69b9-7ba9-446a-8ee9-6b243867a75e_word14.jpg,ঘটনা,22 29 38 56,4,bengali
C:\Users\T2510600\Downloads\BAOCR\out\d4\crops\8bed69b9-7ba9-446a-8ee9-6b243867a75e_word15.jpg,লিখে,48 57 20 65,4,bengali
C:\Users\T2510600\Downloads\BAOCR\out\d4\crops\8bed69b9-7ba9-446a-8ee9-6b243867a75e_word16.jpg,রাখি।,46 56 20 57 2,5,bengali
C:\Users\T2510600\Downloads\BAOCR\out\d4\crops\8bed69b9-7ba9-446a-8ee9-6b243867a75e_word17.jpg,মন,44 38,2,bengali
C:\Users\T2510600\Downloads\BAOCR\out\d4\crops\8bed69b9-7ba9-446a-8ee9-6b243867a75e_word18.jpg,খারাপ,20 56 46 56 40,5,bengali
C:\Users\T2510600\Downloads\BAOCR\out\d4\crops\8bed69b9-7ba9-446a-8ee9-6b243867a75e_word19.jpg,থাকলে,35 56 19 48 65,5,bengali
C:\Users\T2510600\Downloads\BAOCR\out\d4\crops\8bed69b9-7ba9-446a-8ee9-6b243867a75e_word20.jpg,পুরনো,40 59 46 38 69,5,bengali
C:\Users\T2510600\Downloads\BAOCR\out\d4\crops\8bed69b9-7ba9-446a-8ee9-6b243867a75e_word21.jpg,কোন,19 69 38,3,bengali
C:\Users\T2510600\Downloads\BAOCR\out\d4\crops\8bed69b9-7ba9-446a-8ee9-6b243867a75e_word22.jpg,লিখা,48 57 20 56,4,bengali
C:\Users\T2510600\Downloads\BAOCR\out\d4\crops\8bed69b9-7ba9-446a-8ee9-6b243867a75e_word23.jpg,খুলে,20 59 48 65,4,bengali
C:\Users\T2510600\Downloads\BAOCR\out\d4\crops\8bed69b9-7ba9-446a-8ee9-6b243867a75e_word24.jpg,পড়ি।,40 31 2 57 2,5,bengali
C:\Users\T2510600\Downloads\BAOCR\out\d4\crops\8bed69b9-7ba9-446a-8ee9-6b243867a75e_word25.jpg,মনে,44 38 65,3,bengali
C:\Users\T2510600\Downloads\BAOCR\out\d4\crops\8bed69b9-7ba9-446a-8ee9-6b243867a75e_word26.jpg,পরে,40 46 65,3,bengali
C:\Users\T2510600\Downloads\BAOCR\out\d4\crops\8bed69b9-7ba9-446a-8ee9-6b243867a75e_word27.jpg,যায়,45 56 45 2,4,bengali
C:\Users\T2510600\Downloads\BAOCR\out\d4\crops\8bed69b9-7ba9-446a-8ee9-6b243867a75e_word28.jpg,সুন্দর,54 59 38 71 36 46,6,bengali
C:\Users\T2510600\Downloads\BAOCR\out\d4\crops\8bed69b9-7ba9-446a-8ee9-6b243867a75e_word29.jpg,স্মৃতিগুলো।,54 71 44 61 34 57 21 59 48 69 2,11,bengali
C:\Users\T2510600\Downloads\BAOCR\out\d4\crops\8bed69b9-7ba9-446a-8ee9-6b243867a75e_word30.jpg,মন,44 38,2,bengali
C:\Users\T2510600\Downloads\BAOCR\out\d4\crops\8bed69b9-7ba9-446a-8ee9-6b243867a75e_word31.jpg,ভাল,43 56 48,3,bengali
C:\Users\T2510600\Downloads\BAOCR\out\d4\crops\8bed69b9-7ba9-446a-8ee9-6b243867a75e_word32.jpg,হয়ে,55 45 2 65,4,bengali
C:\Users\T2510600\Downloads\BAOCR\out\d4\crops\8bed69b9-7ba9-446a-8ee9-6b243867a75e_word33.jpg,যায়,45 56 45 2,4,bengali
C:\Users\T2510600\Downloads\BAOCR\out\d4\crops\7f714c22-ebf2-4ebf-98be-87b504e646d6_word1.jpg,সাধারণ,54 56 37 56 46 33,6,bengali
C:\Users\T2510600\Downloads\BAOCR\out\d4\crops\7f714c22-ebf2-4ebf-98be-87b504e646d6_word2.jpg,লাইব্রেরির,48 56 5 42 71 46 65 46 57 46,10,bengali
C:\Users\T2510600\Downloads\BAOCR\out\d4\crops\7f714c22-ebf2-4ebf-98be-87b504e646d6_word3.jpg,পুস্তক,40 59 54 71 34 19,6,bengali
C:\Users\T2510600\Downloads\BAOCR\out\d4\crops\7f714c22-ebf2-4ebf-98be-87b504e646d6_word4.jpg,শ্রেনিবদ্ধ,52 71 46 65 38 57 42 36 71 37,10,bengali
C:\Users\T2510600\Downloads\BAOCR\out\d4\crops\7f714c22-ebf2-4ebf-98be-87b504e646d6_word5.jpg,করতে,19 46 34 65,4,bengali
C:\Users\T2510600\Downloads\BAOCR\out\d4\crops\7f714c22-ebf2-4ebf-98be-87b504e646d6_word6.jpg,যথেষ্ট,45 35 65 53 71 29,6,bengali
C:\Users\T2510600\Downloads\BAOCR\out\d4\crops\7f714c22-ebf2-4ebf-98be-87b504e646d6_word7.jpg,সতর্কতার,54 34 46 71 19 34 56 46,8,bengali
C:\Users\T2510600\Downloads\BAOCR\out\d4\crops\7f714c22-ebf2-4ebf-98be-87b504e646d6_word8.jpg,পরিচয়,40 46 57 24 45 2,6,bengali
C:\Users\T2510600\Downloads\BAOCR\out\d4\crops\7f714c22-ebf2-4ebf-98be-87b504e646d6_word9.jpg,দিতে,36 57 34 65,4,bengali
C:\Users\T2510600\Downloads\BAOCR\out\d4\crops\7f714c22-ebf2-4ebf-98be-87b504e646d6_word10.jpg,হলেও,55 48 65 17,4,bengali
C:\Users\T2510600\Downloads\BAOCR\out\d4\crops\7f714c22-ebf2-4ebf-98be-87b504e646d6_word11.jpg,পুস্তক,40 59 54 71 34 19,6,bengali
C:\Users\T2510600\Downloads\BAOCR\out\d4\crops\7f714c22-ebf2-4ebf-98be-87b504e646d6_word12.jpg,নির্বাচনে,38 57 46 71 42 56 24 38 65,9,bengali
C:\Users\T2510600\Downloads\BAOCR\out\d4\crops\7f714c22-ebf2-4ebf-98be-87b504e646d6_word13.jpg,সাবধানতার,54 56 42 37 56 38 34 56 46,9,bengali
C:\Users\T2510600\Downloads\BAOCR\out\d4\crops\7f714c22-ebf2-4ebf-98be-87b504e646d6_word14.jpg,বিশেষ,42 57 52 65 53,5,bengali
C:\Users\T2510600\Downloads\BAOCR\out\d4\crops\7f714c22-ebf2-4ebf-98be-87b504e646d6_word15.jpg,পরিচয়,40 46 57 24 45 2,6,bengali
C:\Users\T2510600\Downloads\BAOCR\out\d4\crops\7f714c22-ebf2-4ebf-98be-87b504e646d6_word16.jpg,দিতে,36 57 34 65,4,bengali
C:\Users\T2510600\Downloads\BAOCR\out\d4\crops\7f714c22-ebf2-4ebf-98be-87b504e646d6_word17.jpg,হয়,55 45 2,3,bengali
C:\Users\T2510600\Downloads\BAOCR\out\d4\crops\7f714c22-ebf2-4ebf-98be-87b504e646d6_word18.jpg,বলে,42 48 65,3,bengali
C:\Users\T2510600\Downloads\BAOCR\out\d4\crops\7f714c22-ebf2-4ebf-98be-87b504e646d6_word19.jpg,মনে,44 38 65,3,bengali
C:\Users\T2510600\Downloads\BAOCR\out\d4\crops\7f714c22-ebf2-4ebf-98be-87b504e646d6_word20.jpg,হয়,55 45 2,3,bengali
C:\Users\T2510600\Downloads\BAOCR\out\d4\crops\7f714c22-ebf2-4ebf-98be-87b504e646d6_word21.jpg,না।,38 56 2,3,bengali
C:\Users\T2510600\Downloads\BAOCR\out\d4\crops\6a3fd145-28ab-4f19-a403-61ccc1bcd3c8_word1.jpg,আমার,4 44 56 46,4,bengali
C:\Users\T2510600\Downloads\BAOCR\out\d4\crops\6a3fd145-28ab-4f19-a403-61ccc1bcd3c8_word2.jpg,নাম,38 56 44,3,bengali
C:\Users\T2510600\Downloads\BAOCR\out\d4\crops\6a3fd145-28ab-4f19-a403-61ccc1bcd3c8_word3.jpg,জারিফ।,26 56 46 57 41 2,6,bengali
C:\Users\T2510600\Downloads\BAOCR\out\d4\crops\6a3fd145-28ab-4f19-a403-61ccc1bcd3c8_word4.jpg, আমি,2 4 44 57,4,bengali
C:\Users\T2510600\Downloads\BAOCR\out\d4\crops\6a3fd145-28ab-4f19-a403-61ccc1bcd3c8_word5.jpg,ব্র্যাক,42 71 46 71 45 56 19,7,bengali
C:\Users\T2510600\Downloads\BAOCR\out\d4\crops\6a3fd145-28ab-4f19-a403-61ccc1bcd3c8_word6.jpg,বিশ্ববিদ্যালয়ে,42 57 52 71 42 42 57 36 71 45 56 48 45 2 65,15,bengali
C:\Users\T2510600\Downloads\BAOCR\out\d4\crops\6a3fd145-28ab-4f19-a403-61ccc1bcd3c8_word7.jpg,পড়ি।,40 31 2 57 2,5,bengali
C:\Users\T2510600\Downloads\BAOCR\out\d4\crops\6a3fd145-28ab-4f19-a403-61ccc1bcd3c8_word8.jpg,কিন্তু,19 57 38 71 34 59,6,bengali
C:\Users\T2510600\Downloads\BAOCR\out\d4\crops\6a3fd145-28ab-4f19-a403-61ccc1bcd3c8_word9.jpg, আমার,2 4 44 56 46,5,bengali
C:\Users\T2510600\Downloads\BAOCR\out\d4\crops\6a3fd145-28ab-4f19-a403-61ccc1bcd3c8_word10.jpg,পড়াশোনা,40 31 2 56 52 69 38 56,8,bengali
C:\Users\T2510600\Downloads\BAOCR\out\d4\crops\6a3fd145-28ab-4f19-a403-61ccc1bcd3c8_word11.jpg,ভাল,43 56 48,3,bengali
C:\Users\T2510600\Downloads\BAOCR\out\d4\crops\6a3fd145-28ab-4f19-a403-61ccc1bcd3c8_word12.jpg,লাগেনা।,48 56 21 65 38 56 2,7,bengali
C:\Users\T2510600\Downloads\BAOCR\out\d4\crops\6a3fd145-28ab-4f19-a403-61ccc1bcd3c8_word13.jpg,কাজের,19 56 26 65 46,5,bengali
C:\Users\T2510600\Downloads\BAOCR\out\d4\crops\6a3fd145-28ab-4f19-a403-61ccc1bcd3c8_word14.jpg,মাঝে,44 56 27 65,4,bengali
C:\Users\T2510600\Downloads\BAOCR\out\d4\crops\6a3fd145-28ab-4f19-a403-61ccc1bcd3c8_word15.jpg,করি,19 46 57,3,bengali
C:\Users\T2510600\Downloads\BAOCR\out\d4\crops\6a3fd145-28ab-4f19-a403-61ccc1bcd3c8_word16.jpg,শুধু,52 59 37 59,4,bengali
C:\Users\T2510600\Downloads\BAOCR\out\d4\crops\6a3fd145-28ab-4f19-a403-61ccc1bcd3c8_word17.jpg,তিনটি,34 57 38 29 57,5,bengali
C:\Users\T2510600\Downloads\BAOCR\out\d4\crops\6a3fd145-28ab-4f19-a403-61ccc1bcd3c8_word18.jpg,"খাই,",20 56 5 148,4,bengali
C:\Users\T2510600\Downloads\BAOCR\out\d4\crops\6a3fd145-28ab-4f19-a403-61ccc1bcd3c8_word19.jpg,দাই,36 56 5,3,bengali
C:\Users\T2510600\Downloads\BAOCR\out\d4\crops\6a3fd145-28ab-4f19-a403-61ccc1bcd3c8_word20.jpg, আর,2 4 46,3,bengali
C:\Users\T2510600\Downloads\BAOCR\out\d4\crops\6a3fd145-28ab-4f19-a403-61ccc1bcd3c8_word21.jpg,ঘুমাই।,22 59 44 56 5 2,6,bengali
C:\Users\T2510600\Downloads\BAOCR\out\d4\crops\5f102350-1298-4e76-9d32-2d4834a3db41_word1.jpg,আমি,4 44 57,3,bengali
C:\Users\T2510600\Downloads\BAOCR\out\d4\crops\5f102350-1298-4e76-9d32-2d4834a3db41_word2.jpg,খবর-,20 42 46 153,4,bengali
C:\Users\T2510600\Downloads\BAOCR\out\d4\crops\5f102350-1298-4e76-9d32-2d4834a3db41_word3.jpg,কাগজের,19 56 21 26 65 46,6,bengali
C:\Users\T2510600\Downloads\BAOCR\out\d4\crops\5f102350-1298-4e76-9d32-2d4834a3db41_word4.jpg,দিকে,36 57 19 65,4,bengali
C:\Users\T2510600\Downloads\BAOCR\out\d4\crops\5f102350-1298-4e76-9d32-2d4834a3db41_word5.jpg,চোখ,24 69 20,3,bengali
C:\Users\T2510600\Downloads\BAOCR\out\d4\crops\5f102350-1298-4e76-9d32-2d4834a3db41_word6.jpg,নামালাম।,38 56 44 56 48 56 44 2,8,bengali
C:\Users\T2510600\Downloads\BAOCR\out\d4\crops\5f102350-1298-4e76-9d32-2d4834a3db41_word7.jpg,ঢাকার,32 56 19 56 46,5,bengali
C:\Users\T2510600\Downloads\BAOCR\out\d4\crops\5f102350-1298-4e76-9d32-2d4834a3db41_word8.jpg,যতগুলো,45 34 21 59 48 69,6,bengali
C:\Users\T2510600\Downloads\BAOCR\out\d4\crops\5f102350-1298-4e76-9d32-2d4834a3db41_word9.jpg,"ছাত্র,",25 56 34 71 46 148,6,bengali
C:\Users\T2510600\Downloads\BAOCR\out\d4\crops\5f102350-1298-4e76-9d32-2d4834a3db41_word10.jpg,"শ্রমিক,",52 71 46 44 57 19 148,7,bengali
C:\Users\T2510600\Downloads\BAOCR\out\d4\crops\5f102350-1298-4e76-9d32-2d4834a3db41_word11.jpg,রাজনৈতিক,46 56 26 38 66 34 57 19,8,bengali
C:\Users\T2510600\Downloads\BAOCR\out\d4\crops\5f102350-1298-4e76-9d32-2d4834a3db41_word12.jpg,দল,36 48,2,bengali
C:\Users\T2510600\Downloads\BAOCR\out\d4\crops\5f102350-1298-4e76-9d32-2d4834a3db41_word13.jpg, আছে,2 4 25 65,4,bengali
C:\Users\T2510600\Downloads\BAOCR\out\d4\crops\5f102350-1298-4e76-9d32-2d4834a3db41_word14.jpg,সবাই,54 42 56 5,4,bengali
C:\Users\T2510600\Downloads\BAOCR\out\d4\crops\5f102350-1298-4e76-9d32-2d4834a3db41_word15.jpg, আজ,2 4 26,3,bengali
C:\Users\T2510600\Downloads\BAOCR\out\d4\crops\5f102350-1298-4e76-9d32-2d4834a3db41_word16.jpg,মিটিং,44 57 29 57 73,5,bengali
C:\Users\T2510600\Downloads\BAOCR\out\d4\crops\5f102350-1298-4e76-9d32-2d4834a3db41_word17.jpg,ডেকেছে।,31 65 19 65 25 65 2,7,bengali
C:\Users\T2510600\Downloads\BAOCR\out\d4\crops\5f102350-1298-4e76-9d32-2d4834a3db41_word18.jpg,পূর্ব,40 60 46 71 42,5,bengali
C:\Users\T2510600\Downloads\BAOCR\out\d4\crops\5f102350-1298-4e76-9d32-2d4834a3db41_word19.jpg,পাকিস্তান,40 56 19 57 54 71 34 56 38,9,bengali
C:\Users\T2510600\Downloads\BAOCR\out\d4\crops\5f102350-1298-4e76-9d32-2d4834a3db41_word20.jpg,ছাত্রলীগ,25 56 34 71 46 48 58 21,8,bengali
C:\Users\T2510600\Downloads\BAOCR\out\d4\crops\5f102350-1298-4e76-9d32-2d4834a3db41_word21.jpg, ও,2 17,2,bengali
C:\Users\T2510600\Downloads\BAOCR\out\d4\crops\5f102350-1298-4e76-9d32-2d4834a3db41_word22.jpg,ডাক্সুর,31 56 19 71 54 59 46,7,bengali
C:\Users\T2510600\Downloads\BAOCR\out\d4\crops\5f102350-1298-4e76-9d32-2d4834a3db41_word23.jpg,যৌথ,45 70 35,3,bengali
C:\Users\T2510600\Downloads\BAOCR\out\d4\crops\5f102350-1298-4e76-9d32-2d4834a3db41_word24.jpg, উদ্যোগে,2 7 36 71 45 69 21 65,8,bengali
C:\Users\T2510600\Downloads\BAOCR\out\d4\crops\5f102350-1298-4e76-9d32-2d4834a3db41_word25.jpg,এগারোটায়,13 21 56 46 69 29 56 45 2,9,bengali
C:\Users\T2510600\Downloads\BAOCR\out\d4\crops\5f102350-1298-4e76-9d32-2d4834a3db41_word26.jpg,"বটতলায়,",42 29 34 48 56 45 2 148,8,bengali
C:\Users\T2510600\Downloads\BAOCR\out\d4\crops\5f102350-1298-4e76-9d32-2d4834a3db41_word27.jpg,তিনটেয়,34 57 38 29 65 45 2,7,bengali
C:\Users\T2510600\Downloads\BAOCR\out\d4\crops\5f102350-1298-4e76-9d32-2d4834a3db41_word28.jpg,পল্টন,40 48 71 29 38,5,bengali
C:\Users\T2510600\Downloads\BAOCR\out\d4\crops\5f102350-1298-4e76-9d32-2d4834a3db41_word29.jpg,ময়দানে।,44 45 2 36 56 38 65 2,8,bengali
C:\Users\T2510600\Downloads\BAOCR\out\d4\crops\5f102350-1298-4e76-9d32-2d4834a3db41_word30.jpg,ন্যাপ,38 71 45 56 40,5,bengali
C:\Users\T2510600\Downloads\BAOCR\out\d4\crops\5f102350-1298-4e76-9d32-2d4834a3db41_word31.jpg,এগারোটায়,13 21 56 46 69 29 56 45 2,9,bengali
C:\Users\T2510600\Downloads\BAOCR\out\d4\crops\5f102350-1298-4e76-9d32-2d4834a3db41_word32.jpg,কেন্দ্রীয়,19 65 38 71 36 71 46 58 45 2,10,bengali
C:\Users\T2510600\Downloads\BAOCR\out\d4\crops\5f102350-1298-4e76-9d32-2d4834a3db41_word33.jpg,শদীদ,52 36 58 36,4,bengali
C:\Users\T2510600\Downloads\BAOCR\out\d4\crops\5f102350-1298-4e76-9d32-2d4834a3db41_word34.jpg,"মিনারে,",44 57 38 56 46 65 148,7,bengali
C:\Users\T2510600\Downloads\BAOCR\out\d4\crops\5f102350-1298-4e76-9d32-2d4834a3db41_word35.jpg,বিকেলে,42 57 19 65 48 65,6,bengali
C:\Users\T2510600\Downloads\BAOCR\out\d4\crops\5f102350-1298-4e76-9d32-2d4834a3db41_word36.jpg,পল্টনে,40 48 71 29 38 65,6,bengali
C:\Users\T2510600\Downloads\BAOCR\out\d4\crops\4de945a3-1001-4280-8a3c-a4c74bdb3392_word1.jpg,বাবুই,42 56 42 59 5,5,bengali
C:\Users\T2510600\Downloads\BAOCR\out\d4\crops\4de945a3-1001-4280-8a3c-a4c74bdb3392_word2.jpg,পাখিরে,40 56 20 57 46 65,6,bengali
C:\Users\T2510600\Downloads\BAOCR\out\d4\crops\4de945a3-1001-4280-8a3c-a4c74bdb3392_word3.jpg,ডাকি,31 56 19 57,4,bengali
C:\Users\T2510600\Downloads\BAOCR\out\d4\crops\4de945a3-1001-4280-8a3c-a4c74bdb3392_word4.jpg,বলিছে,42 48 57 25 65,5,bengali
C:\Users\T2510600\Downloads\BAOCR\out\d4\crops\4de945a3-1001-4280-8a3c-a4c74bdb3392_word5.jpg,চড়াই,24 31 2 56 5,5,bengali
C:\Users\T2510600\Downloads\BAOCR\out\d4\crops\4de945a3-1001-4280-8a3c-a4c74bdb3392_word6.jpg,কুঁড়ে,19 59 72 31 2 65,6,bengali
C:\Users\T2510600\Downloads\BAOCR\out\d4\crops\4de945a3-1001-4280-8a3c-a4c74bdb3392_word7.jpg,ঘরে,22 46 65,3,bengali
C:\Users\T2510600\Downloads\BAOCR\out\d4\crops\4de945a3-1001-4280-8a3c-a4c74bdb3392_word8.jpg,থেকে,35 65 19 65,4,bengali
C:\Users\T2510600\Downloads\BAOCR\out\d4\crops\4de945a3-1001-4280-8a3c-a4c74bdb3392_word9.jpg,কর,19 46,2,bengali
C:\Users\T2510600\Downloads\BAOCR\out\d4\crops\4de945a3-1001-4280-8a3c-a4c74bdb3392_word10.jpg,শিল্পের,52 57 48 71 40 65 46,7,bengali
C:\Users\T2510600\Downloads\BAOCR\out\d4\crops\4de945a3-1001-4280-8a3c-a4c74bdb3392_word11.jpg,বরাই,42 46 56 5,4,bengali
C:\Users\T2510600\Downloads\BAOCR\out\d4\crops\4de945a3-1001-4280-8a3c-a4c74bdb3392_word12.jpg, আমি,2 4 44 57,4,bengali
C:\Users\T2510600\Downloads\BAOCR\out\d4\crops\4de945a3-1001-4280-8a3c-a4c74bdb3392_word13.jpg,থাকি,35 56 19 57,4,bengali
C:\Users\T2510600\Downloads\BAOCR\out\d4\crops\4de945a3-1001-4280-8a3c-a4c74bdb3392_word14.jpg,মহা,44 55 56,3,bengali
C:\Users\T2510600\Downloads\BAOCR\out\d4\crops\4de945a3-1001-4280-8a3c-a4c74bdb3392_word15.jpg,সুখে,54 59 20 65,4,bengali
C:\Users\T2510600\Downloads\BAOCR\out\d4\crops\4de945a3-1001-4280-8a3c-a4c74bdb3392_word16.jpg, অট্টলিকার,2 3 29 71 29 48 57 19 56 46,10,bengali
C:\Users\T2510600\Downloads\BAOCR\out\d4\crops\4de945a3-1001-4280-8a3c-a4c74bdb3392_word17.jpg,পড়ে,40 31 2 65,4,bengali
C:\Users\T2510600\Downloads\BAOCR\out\d4\crops\4de945a3-1001-4280-8a3c-a4c74bdb3392_word18.jpg,তুমি,34 59 44 57,4,bengali
C:\Users\T2510600\Downloads\BAOCR\out\d4\crops\4de945a3-1001-4280-8a3c-a4c74bdb3392_word19.jpg,কত,19 34,2,bengali
C:\Users\T2510600\Downloads\BAOCR\out\d4\crops\4de945a3-1001-4280-8a3c-a4c74bdb3392_word20.jpg,কষ্ট,19 53 71 29,4,bengali
C:\Users\T2510600\Downloads\BAOCR\out\d4\crops\4de945a3-1001-4280-8a3c-a4c74bdb3392_word21.jpg,কর,19 46,2,bengali
C:\Users\T2510600\Downloads\BAOCR\out\d4\crops\4de945a3-1001-4280-8a3c-a4c74bdb3392_word22.jpg,রোদ,46 69 36,3,bengali
C:\Users\T2510600\Downloads\BAOCR\out\d4\crops\4de945a3-1001-4280-8a3c-a4c74bdb3392_word23.jpg,বৃষ্টি,42 61 53 71 29 57,6,bengali
C:\Users\T2510600\Downloads\BAOCR\out\d4\crops\4de945a3-1001-4280-8a3c-a4c74bdb3392_word24.jpg,ঝড়ে,27 31 2 65,4,bengali
C:\Users\T2510600\Downloads\BAOCR\out\d4\crops\2c4f8526-1bf1-42df-b9a5-26a57f4b3782_word1.jpg, আমাদের,2 4 44 56 36 65 46,7,bengali
C:\Users\T2510600\Downloads\BAOCR\out\d4\crops\2c4f8526-1bf1-42df-b9a5-26a57f4b3782_word2.jpg,ছোট,25 69 29,3,bengali
C:\Users\T2510600\Downloads\BAOCR\out\d4\crops\2c4f8526-1bf1-42df-b9a5-26a57f4b3782_word3.jpg,নদী,38 36 58,3,bengali
C:\Users\T2510600\Downloads\BAOCR\out\d4\crops\2c4f8526-1bf1-42df-b9a5-26a57f4b3782_word4.jpg,চলে,24 48 65,3,bengali
C:\Users\T2510600\Downloads\BAOCR\out\d4\crops\2c4f8526-1bf1-42df-b9a5-26a57f4b3782_word5.jpg,বাকে,42 56 19 65,4,bengali
C:\Users\T2510600\Downloads\BAOCR\out\d4\crops\2c4f8526-1bf1-42df-b9a5-26a57f4b3782_word6.jpg,বাকে,42 56 19 65,4,bengali
C:\Users\T2510600\Downloads\BAOCR\out\d4\crops\2c4f8526-1bf1-42df-b9a5-26a57f4b3782_word7.jpg,বৈশাখ,42 66 52 56 20,5,bengali
C:\Users\T2510600\Downloads\BAOCR\out\d4\crops\2c4f8526-1bf1-42df-b9a5-26a57f4b3782_word8.jpg,মাসে,44 56 54 65,4,bengali
C:\Users\T2510600\Downloads\BAOCR\out\d4\crops\2c4f8526-1bf1-42df-b9a5-26a57f4b3782_word9.jpg,তার,34 56 46,3,bengali
C:\Users\T2510600\Downloads\BAOCR\out\d4\crops\2c4f8526-1bf1-42df-b9a5-26a57f4b3782_word10.jpg,হাটু,55 56 29 59,4,bengali
C:\Users\T2510600\Downloads\BAOCR\out\d4\crops\2c4f8526-1bf1-42df-b9a5-26a57f4b3782_word11.jpg,জল,26 48,2,bengali
C:\Users\T2510600\Downloads\BAOCR\out\d4\crops\2c4f8526-1bf1-42df-b9a5-26a57f4b3782_word12.jpg,থাকে,35 56 19 65,4,bengali
C:\Users\T2510600\Downloads\BAOCR\out\d4\crops\2c4f8526-1bf1-42df-b9a5-26a57f4b3782_word13.jpg,পাড়,40 56 31 2,4,bengali
C:\Users\T2510600\Downloads\BAOCR\out\d4\crops\2c4f8526-1bf1-42df-b9a5-26a57f4b3782_word14.jpg,হয়ে,55 45 2 65,4,bengali
C:\Users\T2510600\Downloads\BAOCR\out\d4\crops\2c4f8526-1bf1-42df-b9a5-26a57f4b3782_word15.jpg,যায়,45 56 45 2,4,bengali
C:\Users\T2510600\Downloads\BAOCR\out\d4\crops\2c4f8526-1bf1-42df-b9a5-26a57f4b3782_word16.jpg,গরু,21 46 59,3,bengali
C:\Users\T2510600\Downloads\BAOCR\out\d4\crops\2c4f8526-1bf1-42df-b9a5-26a57f4b3782_word17.jpg,পার,40 56 46,3,bengali
C:\Users\T2510600\Downloads\BAOCR\out\d4\crops\2c4f8526-1bf1-42df-b9a5-26a57f4b3782_word18.jpg,হয়,55 45 2,3,bengali
C:\Users\T2510600\Downloads\BAOCR\out\d4\crops\2c4f8526-1bf1-42df-b9a5-26a57f4b3782_word19.jpg,গাড়ি,21 56 31 2 57,5,bengali
C:\Users\T2510600\Downloads\BAOCR\out\d4\crops\2c4f8526-1bf1-42df-b9a5-26a57f4b3782_word20.jpg,দুই,36 59 5,3,bengali
C:\Users\T2510600\Downloads\BAOCR\out\d4\crops\2c4f8526-1bf1-42df-b9a5-26a57f4b3782_word21.jpg,ধার,37 56 46,3,bengali
C:\Users\T2510600\Downloads\BAOCR\out\d4\crops\2c4f8526-1bf1-42df-b9a5-26a57f4b3782_word22.jpg, উচু,2 7 24 59,4,bengali
C:\Users\T2510600\Downloads\BAOCR\out\d4\crops\2c4f8526-1bf1-42df-b9a5-26a57f4b3782_word23.jpg,তার,34 56 46,3,bengali
C:\Users\T2510600\Downloads\BAOCR\out\d4\crops\2c4f8526-1bf1-42df-b9a5-26a57f4b3782_word24.jpg,ঢালু,32 56 48 59,4,bengali
C:\Users\T2510600\Downloads\BAOCR\out\d4\crops\2c4f8526-1bf1-42df-b9a5-26a57f4b3782_word25.jpg,তার,34 56 46,3,bengali
C:\Users\T2510600\Downloads\BAOCR\out\d4\crops\2c4f8526-1bf1-42df-b9a5-26a57f4b3782_word26.jpg,পারি,40 56 46 57,4,bengali
C:\Users\T2510600\Downloads\BAOCR\out\d4\crops\2c4f8526-1bf1-42df-b9a5-26a57f4b3782_word27.jpg,চিকচিক,24 57 19 24 57 19,6,bengali
C:\Users\T2510600\Downloads\BAOCR\out\d4\crops\2c4f8526-1bf1-42df-b9a5-26a57f4b3782_word28.jpg,করে,19 46 65,3,bengali
C:\Users\T2510600\Downloads\BAOCR\out\d4\crops\2c4f8526-1bf1-42df-b9a5-26a57f4b3782_word29.jpg,বালি,42 56 48 57,4,bengali
C:\Users\T2510600\Downloads\BAOCR\out\d4\crops\2c4f8526-1bf1-42df-b9a5-26a57f4b3782_word30.jpg,কোথা,19 69 35 56,4,bengali
C:\Users\T2510600\Downloads\BAOCR\out\d4\crops\2c4f8526-1bf1-42df-b9a5-26a57f4b3782_word31.jpg,নাই,38 56 5,3,bengali
C:\Users\T2510600\Downloads\BAOCR\out\d4\crops\2c4f8526-1bf1-42df-b9a5-26a57f4b3782_word32.jpg,কাঁদা,19 56 72 36 56,5,bengali
C:\Users\T2510600\Downloads\BAOCR\out\d4\crops\2c4f8526-1bf1-42df-b9a5-26a57f4b3782_word33.jpg,একধারে,13 19 37 56 46 65,6,bengali
C:\Users\T2510600\Downloads\BAOCR\out\d4\crops\2c4f8526-1bf1-42df-b9a5-26a57f4b3782_word34.jpg,কাশবন,19 56 52 42 38,5,bengali
C:\Users\T2510600\Downloads\BAOCR\out\d4\crops\2c4f8526-1bf1-42df-b9a5-26a57f4b3782_word35.jpg,ফুলে,41 59 48 65,4,bengali
C:\Users\T2510600\Downloads\BAOCR\out\d4\crops\2c4f8526-1bf1-42df-b9a5-26a57f4b3782_word36.jpg,ফুলে,41 59 48 65,4,bengali
C:\Users\T2510600\Downloads\BAOCR\out\d4\crops\2c4f8526-1bf1-42df-b9a5-26a57f4b3782_word37.jpg,সাদা,54 56 36 56,4,bengali
C:\Users\T2510600\Downloads\BAOCR\out\d4\crops\2b109c25-cb64-4b8e-a5b1-6fbdd0fb602e_word1.jpg,মার্কস,44 56 46 71 19 54,6,bengali
C:\Users\T2510600\Downloads\BAOCR\out\d4\crops\2b109c25-cb64-4b8e-a5b1-6fbdd0fb602e_word2.jpg,যৌবনে,45 70 42 38 65,5,bengali
C:\Users\T2510600\Downloads\BAOCR\out\d4\crops\2b109c25-cb64-4b8e-a5b1-6fbdd0fb602e_word3.jpg,২৩,139 140,2,bengali
C:\Users\T2510600\Downloads\BAOCR\out\d4\crops\2b109c25-cb64-4b8e-a5b1-6fbdd0fb602e_word4.jpg,বছর,42 25 46,3,bengali
C:\Users\T2510600\Downloads\BAOCR\out\d4\crops\2b109c25-cb64-4b8e-a5b1-6fbdd0fb602e_word5.jpg,বয়সে,42 45 2 54 65,5,bengali
C:\Users\T2510600\Downloads\BAOCR\out\d4\crops\2b109c25-cb64-4b8e-a5b1-6fbdd0fb602e_word6.jpg,হেগেলের,55 65 21 65 48 65 46,7,bengali
C:\Users\T2510600\Downloads\BAOCR\out\d4\crops\2b109c25-cb64-4b8e-a5b1-6fbdd0fb602e_word7.jpg,ভাববাদী,43 56 42 42 56 36 58,7,bengali
C:\Users\T2510600\Downloads\BAOCR\out\d4\crops\2b109c25-cb64-4b8e-a5b1-6fbdd0fb602e_word8.jpg,দর্শনের,36 46 71 52 38 65 46,7,bengali
C:\Users\T2510600\Downloads\BAOCR\out\d4\crops\2b109c25-cb64-4b8e-a5b1-6fbdd0fb602e_word9.jpg,বিরুদ্ধাচারী,42 57 46 59 36 71 37 56 24 56 46 58,12,bengali
C:\Users\T2510600\Downloads\BAOCR\out\d4\crops\2b109c25-cb64-4b8e-a5b1-6fbdd0fb602e_word10.jpg,প্রথম,40 71 46 35 44,5,bengali
C:\Users\T2510600\Downloads\BAOCR\out\d4\crops\2b109c25-cb64-4b8e-a5b1-6fbdd0fb602e_word11.jpg,দার্শ্নিক,36 56 46 71 52 71 38 57 19,9,bengali
C:\Users\T2510600\Downloads\BAOCR\out\d4\crops\2b109c25-cb64-4b8e-a5b1-6fbdd0fb602e_word12.jpg,ফয়েরবাথের,41 45 2 65 46 42 56 35 65 46,10,bengali
C:\Users\T2510600\Downloads\BAOCR\out\d4\crops\2b109c25-cb64-4b8e-a5b1-6fbdd0fb602e_word13.jpg,প্রতি,40 71 46 34 57,5,bengali
C:\Users\T2510600\Downloads\BAOCR\out\d4\crops\2b109c25-cb64-4b8e-a5b1-6fbdd0fb602e_word14.jpg, আকৃষ্ট,2 4 19 61 53 71 29,7,bengali
C:\Users\T2510600\Downloads\BAOCR\out\d4\crops\2b109c25-cb64-4b8e-a5b1-6fbdd0fb602e_word15.jpg,হয়েছিলেন,55 45 2 65 25 57 48 65 38,9,bengali
C:\Users\T2510600\Downloads\BAOCR\out\d4\crops\2b109c25-cb64-4b8e-a5b1-6fbdd0fb602e_word16.jpg,'খ্রিস্টধর্মের,155 20 71 46 57 54 71 29 37 46 71 44 65 46,14,bengali
C:\Users\T2510600\Downloads\BAOCR\out\d4\crops\2b109c25-cb64-4b8e-a5b1-6fbdd0fb602e_word17.jpg,মূলকথা',44 60 48 19 35 56 155,7,bengali
C:\Users\T2510600\Downloads\BAOCR\out\d4\crops\2b109c25-cb64-4b8e-a5b1-6fbdd0fb602e_word18.jpg,(১৮৪১),156 138 145 141 138 157,6,bengali
C:\Users\T2510600\Downloads\BAOCR\out\d4\crops\2b109c25-cb64-4b8e-a5b1-6fbdd0fb602e_word19.jpg,পড়ে।,40 31 2 65 2,5,bengali
C:\Users\T2510600\Downloads\BAOCR\out\d4\crops\2b109c25-cb64-4b8e-a5b1-6fbdd0fb602e_word20.jpg,ভাববাদের,43 56 42 42 56 36 65 46,8,bengali
C:\Users\T2510600\Downloads\BAOCR\out\d4\crops\2b109c25-cb64-4b8e-a5b1-6fbdd0fb602e_word21.jpg,থেকে,35 65 19 65,4,bengali
C:\Users\T2510600\Downloads\BAOCR\out\d4\crops\2b109c25-cb64-4b8e-a5b1-6fbdd0fb602e_word22.jpg,বস্তুবাদের,42 54 71 34 59 42 56 36 65 46,10,bengali
C:\Users\T2510600\Downloads\BAOCR\out\d4\crops\2b109c25-cb64-4b8e-a5b1-6fbdd0fb602e_word23.jpg,যাত্রায়,45 56 34 71 46 56 45 2,8,bengali
C:\Users\T2510600\Downloads\BAOCR\out\d4\crops\2b109c25-cb64-4b8e-a5b1-6fbdd0fb602e_word24.jpg,এই,13 5,2,bengali
C:\Users\T2510600\Downloads\BAOCR\out\d4\crops\2b109c25-cb64-4b8e-a5b1-6fbdd0fb602e_word25.jpg,গ্রন্থ,21 71 46 38 71 35,6,bengali
C:\Users\T2510600\Downloads\BAOCR\out\d4\crops\2b109c25-cb64-4b8e-a5b1-6fbdd0fb602e_word26.jpg,মার্কসের,44 56 46 71 19 54 65 46,8,bengali
C:\Users\T2510600\Downloads\BAOCR\out\d4\crops\2b109c25-cb64-4b8e-a5b1-6fbdd0fb602e_word27.jpg, ওপর,2 17 40 46,4,bengali
C:\Users\T2510600\Downloads\BAOCR\out\d4\crops\2b109c25-cb64-4b8e-a5b1-6fbdd0fb602e_word28.jpg,প্রভাব,40 71 46 43 56 42,6,bengali
C:\Users\T2510600\Downloads\BAOCR\out\d4\crops\2b109c25-cb64-4b8e-a5b1-6fbdd0fb602e_word29.jpg,ফেলে।,41 65 48 65 2,5,bengali
C:\Users\T2510600\Downloads\BAOCR\out\d4\crops\0a0b27dd-c664-4d6f-881b-ad3fa18cd1c7_word1.jpg,জীবন,26 58 42 38,4,bengali
C:\Users\T2510600\Downloads\BAOCR\out\d4\crops\0a0b27dd-c664-4d6f-881b-ad3fa18cd1c7_word2.jpg, একটি,2 13 19 29 57,5,bengali
C:\Users\T2510600\Downloads\BAOCR\out\d4\crops\0a0b27dd-c664-4d6f-881b-ad3fa18cd1c7_word3.jpg,যুদ্ধক্ষেত্র।,45 59 36 71 37 19 71 53 65 34 71 46 2,13,bengali
C:\Users\T2510600\Downloads\BAOCR\out\d4\crops\0a0b27dd-c664-4d6f-881b-ad3fa18cd1c7_word4.jpg,যুদ্ধ,45 59 36 71 37,5,bengali
C:\Users\T2510600\Downloads\BAOCR\out\d4\crops\0a0b27dd-c664-4d6f-881b-ad3fa18cd1c7_word5.jpg,করতেই,19 46 34 65 5,5,bengali
C:\Users\T2510600\Downloads\BAOCR\out\d4\crops\0a0b27dd-c664-4d6f-881b-ad3fa18cd1c7_word6.jpg,থাকতে,35 56 19 34 65,5,bengali
C:\Users\T2510600\Downloads\BAOCR\out\d4\crops\0a0b27dd-c664-4d6f-881b-ad3fa18cd1c7_word7.jpg,হয়।,55 45 2 2,4,bengali
C:\Users\T2510600\Downloads\BAOCR\out\d4\crops\0a0b27dd-c664-4d6f-881b-ad3fa18cd1c7_word8.jpg,একদিনও,13 19 36 57 38 17,6,bengali
C:\Users\T2510600\Downloads\BAOCR\out\d4\crops\0a0b27dd-c664-4d6f-881b-ad3fa18cd1c7_word9.jpg,যুদ্ধ,45 59 36 71 37,5,bengali
C:\Users\T2510600\Downloads\BAOCR\out\d4\crops\0a0b27dd-c664-4d6f-881b-ad3fa18cd1c7_word10.jpg,ছাড়া,25 56 31 2 56,5,bengali
C:\Users\T2510600\Downloads\BAOCR\out\d4\crops\0a0b27dd-c664-4d6f-881b-ad3fa18cd1c7_word11.jpg,থাকা,35 56 19 56,4,bengali
C:\Users\T2510600\Downloads\BAOCR\out\d4\crops\0a0b27dd-c664-4d6f-881b-ad3fa18cd1c7_word12.jpg, অসম্ভব।,2 3 54 44 71 43 42 2,8,bengali
C:\Users\T2510600\Downloads\BAOCR\out\d4\crops\0a0b27dd-c664-4d6f-881b-ad3fa18cd1c7_word13.jpg,প্রতিটি,40 71 46 34 57 29 57,7,bengali
C:\Users\T2510600\Downloads\BAOCR\out\d4\crops\0a0b27dd-c664-4d6f-881b-ad3fa18cd1c7_word14.jpg,দিনই,36 57 38 5,4,bengali
C:\Users\T2510600\Downloads\BAOCR\out\d4\crops\0a0b27dd-c664-4d6f-881b-ad3fa18cd1c7_word15.jpg,নতুন,38 34 59 38,4,bengali
C:\Users\T2510600\Downloads\BAOCR\out\d4\crops\0a0b27dd-c664-4d6f-881b-ad3fa18cd1c7_word16.jpg,কোন,19 69 38,3,bengali
C:\Users\T2510600\Downloads\BAOCR\out\d4\crops\0a0b27dd-c664-4d6f-881b-ad3fa18cd1c7_word17.jpg,না,38 56,2,bengali
C:\Users\T2510600\Downloads\BAOCR\out\d4\crops\0a0b27dd-c664-4d6f-881b-ad3fa18cd1c7_word18.jpg,কোন,19 69 38,3,bengali
C:\Users\T2510600\Downloads\BAOCR\out\d4\crops\0a0b27dd-c664-4d6f-881b-ad3fa18cd1c7_word19.jpg,যুদ্ধ।,45 59 36 71 37 2,6,bengali
C:\Users\T2510600\Downloads\BAOCR\out\d4\crops\0a0b27dd-c664-4d6f-881b-ad3fa18cd1c7_word20.jpg,বেঁচে,42 65 72 24 65,5,bengali
C:\Users\T2510600\Downloads\BAOCR\out\d4\crops\0a0b27dd-c664-4d6f-881b-ad3fa18cd1c7_word21.jpg,থাকতে,35 56 19 34 65,5,bengali
C:\Users\T2510600\Downloads\BAOCR\out\d4\crops\0a0b27dd-c664-4d6f-881b-ad3fa18cd1c7_word22.jpg,চাইলে,24 56 5 48 65,5,bengali
C:\Users\T2510600\Downloads\BAOCR\out\d4\crops\0a0b27dd-c664-4d6f-881b-ad3fa18cd1c7_word23.jpg, এই,2 13 5,3,bengali
C:\Users\T2510600\Downloads\BAOCR\out\d4\crops\0a0b27dd-c664-4d6f-881b-ad3fa18cd1c7_word24.jpg,যুদ্ধ,45 59 36 71 37,5,bengali
C:\Users\T2510600\Downloads\BAOCR\out\d4\crops\0a0b27dd-c664-4d6f-881b-ad3fa18cd1c7_word25.jpg,জেতা,26 65 34 56,4,bengali
C:\Users\T2510600\Downloads\BAOCR\out\d4\crops\0a0b27dd-c664-4d6f-881b-ad3fa18cd1c7_word26.jpg,ছাড়া,25 56 31 2 56,5,bengali
C:\Users\T2510600\Downloads\BAOCR\out\d4\crops\0a0b27dd-c664-4d6f-881b-ad3fa18cd1c7_word27.jpg,কোন,19 69 38,3,bengali
C:\Users\T2510600\Downloads\BAOCR\out\d4\crops\0a0b27dd-c664-4d6f-881b-ad3fa18cd1c7_word28.jpg,বিকল্প,42 57 19 48 71 40,6,bengali
C:\Users\T2510600\Downloads\BAOCR\out\d4\crops\0a0b27dd-c664-4d6f-881b-ad3fa18cd1c7_word29.jpg,নেই।,38 65 5 2,4,bengali
